time_seconds,D0,D1,D2
10.000000000,1,0,1
10.002433999,1,0,1
10.002434000,1,0,1
10.002433999,1,0,1
10.002434000,1,0,0
10.030799999,1,0,0
10.030800000,0,0,0
10.034499999,0,0,0
10.034500000,1,0,0
10.036505999,1,0,0
10.036506000,1,1,0
10.036505999,1,1,0
10.036506000,1,1,1
10.039506999,1,1,1
10.039507000,1,0,1
10.039506999,1,0,1
10.039507000,1,0,0
10.067799999,1,0,0
10.067800000,0,0,0
10.071399999,0,0,0
10.071400000,1,0,0
10.073477999,1,0,0
10.073478000,1,1,0
10.073477999,1,1,0
10.073478000,1,1,1
10.076478999,1,1,1
10.076479000,1,0,1
10.076479999,1,0,1
10.076480000,1,0,0
10.104499999,1,0,0
10.104500000,0,0,0
10.108199999,0,0,0
10.108200000,1,0,0
10.110102999,1,0,0
10.110103000,1,1,0
10.110102999,1,1,0
10.110103000,1,1,1
10.113103999,1,1,1
10.113104000,1,0,1
10.113103999,1,0,1
10.113104000,1,0,0
10.141199999,1,0,0
10.141200000,0,0,0
10.144799999,0,0,0
10.144800000,1,0,0
10.146799999,1,0,0
10.146800000,1,1,0
10.146799999,1,1,0
10.146800000,1,1,1
10.149800999,1,1,1
10.149801000,1,0,1
10.149800999,1,0,1
10.149801000,1,0,0
10.177699999,1,0,0
10.177700000,0,0,0
10.181299999,0,0,0
10.181300000,1,0,0
10.183248999,1,0,0
10.183249000,1,1,0
10.183248999,1,1,0
10.183249000,1,1,1
10.186249999,1,1,1
10.186250000,1,0,1
10.186250999,1,0,1
10.186251000,1,0,0
10.213999999,1,0,0
10.214000000,0,0,0
10.217699999,0,0,0
10.217700000,1,0,0
10.219496999,1,0,0
10.219497000,1,1,0
10.219496999,1,1,0
10.219497000,1,1,1
10.222497999,1,1,1
10.222498000,1,0,1
10.222497999,1,0,1
10.222498000,1,0,0
10.250299999,1,0,0
10.250300000,0,0,0
10.253899999,0,0,0
10.253900000,1,0,0
10.255793999,1,0,0
10.255794000,1,1,0
10.255793999,1,1,0
10.255794000,1,1,1
10.258794999,1,1,1
10.258795000,1,0,1
10.258794999,1,0,1
10.258795000,1,0,0
10.286399999,1,0,0
10.286400000,0,0,0
10.289999999,0,0,0
10.290000000,1,0,0
10.291842999,1,0,0
10.291843000,1,1,0
10.291842999,1,1,0
10.291843000,1,1,1
10.294844999,1,1,1
10.294845000,1,0,1
10.294844999,1,0,1
10.294845000,1,0,0
10.322399999,1,0,0
10.322400000,0,0,0
10.325999999,0,0,0
10.326000000,1,0,0
10.327815999,1,0,0
10.327816000,1,1,0
10.327815999,1,1,0
10.327816000,1,1,1
10.330816999,1,1,1
10.330817000,1,0,1
10.330816999,1,0,1
10.330817000,1,0,0
10.358299999,1,0,0
10.358300000,0,0,0
10.361799999,0,0,0
10.361800000,1,0,0
10.363688999,1,0,0
10.363689000,1,1,0
10.363688999,1,1,0
10.363689000,1,1,1
10.366690999,1,1,1
10.366691000,1,0,1
10.366690999,1,0,1
10.366691000,1,0,0
10.393899999,1,0,0
10.393900000,0,0,0
10.397499999,0,0,0
10.397500000,1,0,0
10.399214999,1,0,0
10.399215000,1,1,0
10.399214999,1,1,0
10.399215000,1,1,1
10.402215999,1,1,1
10.402216000,1,0,1
10.402215999,1,0,1
10.402216000,1,0,0
10.429499999,1,0,0
10.429500000,0,0,0
10.433099999,0,0,0
10.433100000,1,0,0
10.434810999,1,0,0
10.434811000,1,1,0
10.434810999,1,1,0
10.434811000,1,1,1
10.437811999,1,1,1
10.437812000,1,0,1
10.437811999,1,0,1
10.437812000,1,0,0
10.464999999,1,0,0
10.465000000,0,0,0
10.468499999,0,0,0
10.468500000,1,0,0
10.470283999,1,0,0
10.470284000,1,1,0
10.470283999,1,1,0
10.470284000,1,1,1
10.473284999,1,1,1
10.473285000,1,0,1
10.473284999,1,0,1
10.473285000,1,0,0
10.500299999,1,0,0
10.500300000,0,0,0
10.503799999,0,0,0
10.503800000,1,0,0
10.505533999,1,0,0
10.505534000,1,1,0
10.505533999,1,1,0
10.505534000,1,1,1
10.508534999,1,1,1
10.508535000,1,0,1
10.508534999,1,0,1
10.508535000,1,0,0
10.535499999,1,0,0
10.535500000,0,0,0
10.538999999,0,0,0
10.539000000,1,0,0
10.540706999,1,0,0
10.540707000,1,1,0
10.540706999,1,1,0
10.540707000,1,1,1
10.543707999,1,1,1
10.543708000,1,0,1
10.543707999,1,0,1
10.543708000,1,0,0
10.570599999,1,0,0
10.570600000,0,0,0
10.574099999,0,0,0
10.574100000,1,0,0
10.575779999,1,0,0
10.575780000,1,1,0
10.575779999,1,1,0
10.575780000,1,1,1
10.578780999,1,1,1
10.578781000,1,0,1
10.578780999,1,0,1
10.578781000,1,0,0
10.605599999,1,0,0
10.605600000,0,0,0
10.608999999,0,0,0
10.609000000,1,0,0
10.610753999,1,0,0
10.610754000,1,1,0
10.610753999,1,1,0
10.610754000,1,1,1
10.613754999,1,1,1
10.613755000,1,0,1
10.613754999,1,0,1
10.613755000,1,0,0
10.640299999,1,0,0
10.640300000,0,0,0
10.643799999,0,0,0
10.643800000,1,0,0
10.645378999,1,0,0
10.645379000,1,1,0
10.645378999,1,1,0
10.645379000,1,1,1
10.648380999,1,1,1
10.648381000,1,0,1
10.648380999,1,0,1
10.648381000,1,0,0
10.674999999,1,0,0
10.675000000,0,0,0
10.678499999,0,0,0
10.678500000,1,0,0
10.680075999,1,0,0
10.680076000,1,1,0
10.680075999,1,1,0
10.680076000,1,1,1
10.683076999,1,1,1
10.683077000,1,0,1
10.683076999,1,0,1
10.683077000,1,0,0
10.709599999,1,0,0
10.709600000,0,0,0
10.713099999,0,0,0
10.713100000,1,0,0
10.714648999,1,0,0
10.714649000,1,1,0
10.714648999,1,1,0
10.714649000,1,1,1
10.717649999,1,1,1
10.717650000,1,0,1
10.717649999,1,0,1
10.717650000,1,0,0
10.744099999,1,0,0
10.744100000,0,0,0
10.747599999,0,0,0
10.747600000,1,0,0
10.749122999,1,0,0
10.749123000,1,1,0
10.749122999,1,1,0
10.749123000,1,1,1
10.752123999,1,1,1
10.752124000,1,0,1
10.752123999,1,0,1
10.752124000,1,0,0
10.778499999,1,0,0
10.778500000,0,0,0
10.781899999,0,0,0
10.781900000,1,0,0
10.783496999,1,0,0
10.783497000,1,1,0
10.783496999,1,1,0
10.783497000,1,1,1
10.786497999,1,1,1
10.786498000,1,0,1
10.786497999,1,0,1
10.786498000,1,0,0
10.812699999,1,0,0
10.812700000,0,0,0
10.816099999,0,0,0
10.816100000,1,0,0
10.817646999,1,0,0
10.817647000,1,1,0
10.817646999,1,1,0
10.817647000,1,1,1
10.820647999,1,1,1
10.820648000,1,0,1
10.820647999,1,0,1
10.820648000,1,0,0
10.846799999,1,0,0
10.846800000,0,0,0
10.850199999,0,0,0
10.850200000,1,0,0
10.851719999,1,0,0
10.851720000,1,1,0
10.851720999,1,1,0
10.851721000,1,1,1
10.854720999,1,1,1
10.854721000,1,0,1
10.854720999,1,0,1
10.854721000,1,0,0
10.880799999,1,0,0
10.880800000,0,0,0
10.884199999,0,0,0
10.884200000,1,0,0
10.885693999,1,0,0
10.885694000,1,1,0
10.885693999,1,1,0
10.885694000,1,1,1
10.888694999,1,1,1
10.888695000,1,0,1
10.888695999,1,0,1
10.888696000,1,0,0
10.914699999,1,0,0
10.914700000,0,0,0
10.918099999,0,0,0
10.918100000,1,0,0
10.919566999,1,0,0
10.919567000,1,1,0
10.919566999,1,1,0
10.919567000,1,1,1
10.922567999,1,1,1
10.922568000,1,0,1
10.922567999,1,0,1
10.922568000,1,0,0
10.948499999,1,0,0
10.948500000,0,0,0
10.951899999,0,0,0
10.951900000,1,0,0
10.953339999,1,0,0
10.953340000,1,1,0
10.953339999,1,1,0
10.953340000,1,1,1
10.956340999,1,1,1
10.956341000,1,0,1
10.956340999,1,0,1
10.956341000,1,0,0
10.982199999,1,0,0
10.982200000,0,0,0
10.985599999,0,0,0
10.985600000,1,0,0
10.987013999,1,0,0
10.987014000,1,1,0
10.987013999,1,1,0
10.987014000,1,1,1
10.990014999,1,1,1
10.990015000,1,0,1
10.990014999,1,0,1
10.990015000,1,0,0
11.015799999,1,0,0
11.015800000,0,0,0
11.019099999,0,0,0
11.019100000,1,0,0
11.020587999,1,0,0
11.020588000,1,1,0
11.020587999,1,1,0
11.020588000,1,1,1
11.023589999,1,1,1
11.023590000,1,0,1
11.023589999,1,0,1
11.023590000,1,0,0
11.049199999,1,0,0
11.049200000,0,0,0
11.052499999,0,0,0
11.052500000,1,0,0
11.053937999,1,0,0
11.053938000,1,1,0
11.053938999,1,1,0
11.053939000,1,1,1
11.056939999,1,1,1
11.056940000,1,0,1
11.056939999,1,0,1
11.056940000,1,0,0
11.082499999,1,0,0
11.082500000,0,0,0
11.085799999,0,0,0
11.085800000,1,0,0
11.087211999,1,0,0
11.087212000,1,1,0
11.087211999,1,1,0
11.087212000,1,1,1
11.090212999,1,1,1
11.090213000,1,0,1
11.090212999,1,0,1
11.090213000,1,0,0
11.115699999,1,0,0
11.115700000,0,0,0
11.118999999,0,0,0
11.119000000,1,0,0
11.120385999,1,0,0
11.120386000,1,1,0
11.120385999,1,1,0
11.120386000,1,1,1
11.123386999,1,1,1
11.123387000,1,0,1
11.123386999,1,0,1
11.123387000,1,0,0
11.148799999,1,0,0
11.148800000,0,0,0
11.152099999,0,0,0
11.152100000,1,0,0
11.153458999,1,0,0
11.153459000,1,1,0
11.153458999,1,1,0
11.153459000,1,1,1
11.156459999,1,1,1
11.156460000,1,0,1
11.156459999,1,0,1
11.156460000,1,0,0
11.181799999,1,0,0
11.181800000,0,0,0
11.185099999,0,0,0
11.185100000,1,0,0
11.186432999,1,0,0
11.186433000,1,1,0
11.186432999,1,1,0
11.186433000,1,1,1
11.189433999,1,1,1
11.189434000,1,0,1
11.189433999,1,0,1
11.189434000,1,0,0
11.214699999,1,0,0
11.214700000,0,0,0
11.217999999,0,0,0
11.218000000,1,0,0
11.219305999,1,0,0
11.219306000,1,1,0
11.219305999,1,1,0
11.219306000,1,1,1
11.222307999,1,1,1
11.222308000,1,0,1
11.222307999,1,0,1
11.222308000,1,0,0
11.247499999,1,0,0
11.247500000,0,0,0
11.250799999,0,0,0
11.250800000,1,0,0
11.252079999,1,0,0
11.252080000,1,1,0
11.252079999,1,1,0
11.252080000,1,1,1
11.255080999,1,1,1
11.255081000,1,0,1
11.255080999,1,0,1
11.255081000,1,0,0
11.280299999,1,0,0
11.280300000,0,0,0
11.283499999,0,0,0
11.283500000,1,0,0
11.284877999,1,0,0
11.284878000,1,1,0
11.284877999,1,1,0
11.284878000,1,1,1
11.287878999,1,1,1
11.287879000,1,0,1
11.287878999,1,0,1
11.287879000,1,0,0
11.312899999,1,0,0
11.312900000,0,0,0
11.316099999,0,0,0
11.316100000,1,0,0
11.317427999,1,0,0
11.317428000,1,1,0
11.317427999,1,1,0
11.317428000,1,1,1
11.320428999,1,1,1
11.320429000,1,0,1
11.320428999,1,0,1
11.320429000,1,0,0
11.345399999,1,0,0
11.345400000,0,0,0
11.348599999,0,0,0
11.348600000,1,0,0
11.349901999,1,0,0
11.349902000,1,1,0
11.349901999,1,1,0
11.349902000,1,1,1
11.352902999,1,1,1
11.352903000,1,0,1
11.352903999,1,0,1
11.352904000,1,0,0
11.377799999,1,0,0
11.377800000,0,0,0
11.380999999,0,0,0
11.381000000,1,0,0
11.382275999,1,0,0
11.382276000,1,1,0
11.382275999,1,1,0
11.382276000,1,1,1
11.385276999,1,1,1
11.385277000,1,0,1
11.385276999,1,0,1
11.385277000,1,0,0
11.410099999,1,0,0
11.410100000,0,0,0
11.413299999,0,0,0
11.413300000,1,0,0
11.414548999,1,0,0
11.414549000,1,1,0
11.414549999,1,1,0
11.414550000,1,1,1
11.417550999,1,1,1
11.417551000,1,0,1
11.417550999,1,0,1
11.417551000,1,0,0
11.442299999,1,0,0
11.442300000,0,0,0
11.445499999,0,0,0
11.445500000,1,0,0
11.446722999,1,0,0
11.446723000,1,1,0
11.446722999,1,1,0
11.446723000,1,1,1
11.449724999,1,1,1
11.449725000,1,0,1
11.449724999,1,0,1
11.449725000,1,0,0
11.474399999,1,0,0
11.474400000,0,0,0
11.477599999,0,0,0
11.477600000,1,0,0
11.478796999,1,0,0
11.478797000,1,1,0
11.478796999,1,1,0
11.478797000,1,1,1
11.481798999,1,1,1
11.481799000,1,0,1
11.481798999,1,0,1
11.481799000,1,0,0
11.506399999,1,0,0
11.506400000,0,0,0
11.509599999,0,0,0
11.509600000,1,0,0
11.510770999,1,0,0
11.510771000,1,1,0
11.510770999,1,1,0
11.510771000,1,1,1
11.513771999,1,1,1
11.513772000,1,0,1
11.513771999,1,0,1
11.513772000,1,0,0
11.538399999,1,0,0
11.538400000,0,0,0
11.541499999,0,0,0
11.541500000,1,0,0
11.542767999,1,0,0
11.542768000,1,1,0
11.542768999,1,1,0
11.542769000,1,1,1
11.545769999,1,1,1
11.545770000,1,0,1
11.545769999,1,0,1
11.545770000,1,0,0
11.570199999,1,0,0
11.570200000,0,0,0
11.573299999,0,0,0
11.573300000,1,0,0
11.574518999,1,0,0
11.574519000,1,1,0
11.574518999,1,1,0
11.574519000,1,1,1
11.577519999,1,1,1
11.577520000,1,0,1
11.577519999,1,0,1
11.577520000,1,0,0
11.601899999,1,0,0
11.601900000,0,0,0
11.604999999,0,0,0
11.605000000,1,0,0
11.606192999,1,0,0
11.606193000,1,1,0
11.606192999,1,1,0
11.606193000,1,1,1
11.609193999,1,1,1
11.609194000,1,0,1
11.609193999,1,0,1
11.609194000,1,0,0
11.633499999,1,0,0
11.633500000,0,0,0
11.636699999,0,0,0
11.636700000,1,0,0
11.637766999,1,0,0
11.637767000,1,1,0
11.637766999,1,1,0
11.637767000,1,1,1
11.640768999,1,1,1
11.640769000,1,0,1
11.640768999,1,0,1
11.640769000,1,0,0
11.665099999,1,0,0
11.665100000,0,0,0
11.668299999,0,0,0
11.668300000,1,0,0
11.669364999,1,0,0
11.669365000,1,1,0
11.669364999,1,1,0
11.669365000,1,1,1
11.672365999,1,1,1
11.672366000,1,0,1
11.672365999,1,0,1
11.672366000,1,0,0
11.696599999,1,0,0
11.696600000,0,0,0
11.699799999,0,0,0
11.699800000,1,0,0
11.700838999,1,0,0
11.700839000,1,1,0
11.700838999,1,1,0
11.700839000,1,1,1
11.703839999,1,1,1
11.703840000,1,0,1
11.703839999,1,0,1
11.703840000,1,0,0
11.728099999,1,0,0
11.728100000,0,0,0
11.731199999,0,0,0
11.731200000,1,0,0
11.732336999,1,0,0
11.732337000,1,1,0
11.732336999,1,1,0
11.732337000,1,1,1
11.735337999,1,1,1
11.735338000,1,0,1
11.735337999,1,0,1
11.735338000,1,0,0
11.759399999,1,0,0
11.759400000,0,0,0
11.762499999,0,0,0
11.762500000,1,0,0
11.763586999,1,0,0
11.763587000,1,1,0
11.763587999,1,1,0
11.763588000,1,1,1
11.766588999,1,1,1
11.766589000,1,0,1
11.766588999,1,0,1
11.766589000,1,0,0
11.790599999,1,0,0
11.790600000,0,0,0
11.793699999,0,0,0
11.793700000,1,0,0
11.794761999,1,0,0
11.794762000,1,1,0
11.794761999,1,1,0
11.794762000,1,1,1
11.797762999,1,1,1
11.797763000,1,0,1
11.797762999,1,0,1
11.797763000,1,0,0
11.821699999,1,0,0
11.821700000,0,0,0
11.824799999,0,0,0
11.824800000,1,0,0
11.825835999,1,0,0
11.825836000,1,1,0
11.825835999,1,1,0
11.825836000,1,1,1
11.828836999,1,1,1
11.828837000,1,0,1
11.828836999,1,0,1
11.828837000,1,0,0
11.852699999,1,0,0
11.852700000,0,0,0
11.855799999,0,0,0
11.855800000,1,0,0
11.856809999,1,0,0
11.856810000,1,1,0
11.856809999,1,1,0
11.856810000,1,1,1
11.859810999,1,1,1
11.859811000,1,0,1
11.859810999,1,0,1
11.859811000,1,0,0
11.883699999,1,0,0
11.883700000,0,0,0
11.886699999,0,0,0
11.886700000,1,0,0
11.887806999,1,0,0
11.887807000,1,1,0
11.887806999,1,1,0
11.887807000,1,1,1
11.890807999,1,1,1
11.890808000,1,0,1
11.890807999,1,0,1
11.890808000,1,0,0
11.914499999,1,0,0
11.914500000,0,0,0
11.917599999,0,0,0
11.917600000,1,0,0
11.918558999,1,0,0
11.918559000,1,1,0
11.918558999,1,1,0
11.918559000,1,1,1
11.921559999,1,1,1
11.921560000,1,0,1
11.921559999,1,0,1
11.921560000,1,0,0
11.945299999,1,0,0
11.945300000,0,0,0
11.948399999,0,0,0
11.948400000,1,0,0
11.949354999,1,0,0
11.949355000,1,1,0
11.949354999,1,1,0
11.949355000,1,1,1
11.952355999,1,1,1
11.952356000,1,0,1
11.952355999,1,0,1
11.952356000,1,0,0
11.975999999,1,0,0
11.976000000,0,0,0
11.979099999,0,0,0
11.979100000,1,0,0
11.980029999,1,0,0
11.980030000,1,1,0
11.980029999,1,1,0
11.980030000,1,1,1
11.983030999,1,1,1
11.983031000,1,0,1
11.983030999,1,0,1
11.983031000,1,0,0
12.006699999,1,0,0
12.006700000,0,0,0
12.009699999,0,0,0
12.009700000,1,0,0
12.010726999,1,0,0
12.010727000,1,1,0
12.010726999,1,1,0
12.010727000,1,1,1
12.013731999,1,1,1
12.013732000,1,0,1
12.013731999,1,0,1
12.013732000,1,0,0
12.037199999,1,0,0
12.037200000,0,0,0
12.040199999,0,0,0
12.040200000,1,0,0
12.041178999,1,0,0
12.041179000,1,1,0
12.041178999,1,1,0
12.041179000,1,1,1
12.044179999,1,1,1
12.044180000,1,0,1
12.044179999,1,0,1
12.044180000,1,0,0
12.067599999,1,0,0
12.067600000,0,0,0
12.070599999,0,0,0
12.070600000,1,0,0
12.071552999,1,0,0
12.071553000,1,1,0
12.071552999,1,1,0
12.071553000,1,1,1
12.074553999,1,1,1
12.074554000,1,0,1
12.074553999,1,0,1
12.074554000,1,0,0
12.097899999,1,0,0
12.097900000,0,0,0
12.100999999,0,0,0
12.101000000,1,0,0
12.101825999,1,0,0
12.101826000,1,1,0
12.101826999,1,1,0
12.101827000,1,1,1
12.104827999,1,1,1
12.104828000,1,0,1
12.104827999,1,0,1
12.104828000,1,0,0
12.128299999,1,0,0
12.128300000,0,0,0
12.131299999,0,0,0
12.131300000,1,0,0
12.132248999,1,0,0
12.132249000,1,1,0
12.132248999,1,1,0
12.132249000,1,1,1
12.135250999,1,1,1
12.135251000,1,0,1
12.135250999,1,0,1
12.135251000,1,0,0
12.158499999,1,0,0
12.158500000,0,0,0
12.161499999,0,0,0
12.161500000,1,0,0
12.162399999,1,0,0
12.162400000,1,1,0
12.162399999,1,1,0
12.162400000,1,1,1
12.165400999,1,1,1
12.165401000,1,0,1
12.165400999,1,0,1
12.165401000,1,0,0
12.188599999,1,0,0
12.188600000,0,0,0
12.191599999,0,0,0
12.191600000,1,0,0
12.192473999,1,0,0
12.192474000,1,1,0
12.192473999,1,1,0
12.192474000,1,1,1
12.195475999,1,1,1
12.195476000,1,0,1
12.195475999,1,0,1
12.195476000,1,0,0
12.218699999,1,0,0
12.218700000,0,0,0
12.221599999,0,0,0
12.221600000,1,0,0
12.222571999,1,0,0
12.222572000,1,1,0
12.222571999,1,1,0
12.222572000,1,1,1
12.225573999,1,1,1
12.225574000,1,0,1
12.225573999,1,0,1
12.225574000,1,0,0
12.248599999,1,0,0
12.248600000,0,0,0
12.251599999,0,0,0
12.251600000,1,0,0
12.252423999,1,0,0
12.252424000,1,1,0
12.252423999,1,1,0
12.252424000,1,1,1
12.255424999,1,1,1
12.255425000,1,0,1
12.255424999,1,0,1
12.255425000,1,0,0
12.278499999,1,0,0
12.278500000,0,0,0
12.281499999,0,0,0
12.281500000,1,0,0
12.282320999,1,0,0
12.282321000,1,1,0
12.282320999,1,1,0
12.282321000,1,1,1
12.285321999,1,1,1
12.285322000,1,0,1
12.285321999,1,0,1
12.285322000,1,0,0
12.308299999,1,0,0
12.308300000,0,0,0
12.311299999,0,0,0
12.311300000,1,0,0
12.312094999,1,0,0
12.312095000,1,1,0
12.312094999,1,1,0
12.312095000,1,1,1
12.315095999,1,1,1
12.315096000,1,0,1
12.315095999,1,0,1
12.315096000,1,0,0
12.338099999,1,0,0
12.338100000,0,0,0
12.340999999,0,0,0
12.341000000,1,0,0
12.341892999,1,0,0
12.341893000,1,1,0
12.341892999,1,1,0
12.341893000,1,1,1
12.344893999,1,1,1
12.344894000,1,0,1
12.344893999,1,0,1
12.344894000,1,0,0
12.367699999,1,0,0
12.367700000,0,0,0
12.370699999,0,0,0
12.370700000,1,0,0
12.371443999,1,0,0
12.371444000,1,1,0
12.371443999,1,1,0
12.371444000,1,1,1
12.374445999,1,1,1
12.374446000,1,0,1
12.374445999,1,0,1
12.374446000,1,0,0
12.397299999,1,0,0
12.397300000,0,0,0
12.400299999,0,0,0
12.400300000,1,0,0
12.401042999,1,0,0
12.401043000,1,1,0
12.401042999,1,1,0
12.401043000,1,1,1
12.404043999,1,1,1
12.404044000,1,0,1
12.404043999,1,0,1
12.404044000,1,0,0
12.426899999,1,0,0
12.426900000,0,0,0
12.429799999,0,0,0
12.429800000,1,0,0
12.430639999,1,0,0
12.430640000,1,1,0
12.430639999,1,1,0
12.430640000,1,1,1
12.433641999,1,1,1
12.433642000,1,0,1
12.433641999,1,0,1
12.433642000,1,0,0
12.456299999,1,0,0
12.456300000,0,0,0
12.459199999,0,0,0
12.459200000,1,0,0
12.459990999,1,0,0
12.459991000,1,1,0
12.459991999,1,1,0
12.459992000,1,1,1
12.462992999,1,1,1
12.462993000,1,0,1
12.462992999,1,0,1
12.462993000,1,0,0
12.485599999,1,0,0
12.485600000,0,0,0
12.488599999,0,0,0
12.488600000,1,0,0
12.489265999,1,0,0
12.489266000,1,1,0
12.489266999,1,1,0
12.489267000,1,1,1
12.492266999,1,1,1
12.492267000,1,0,1
12.492267999,1,0,1
12.492268000,1,0,0
12.514999999,1,0,0
12.515000000,0,0,0
12.517899999,0,0,0
12.517900000,1,0,0
12.518685999,1,0,0
12.518686000,1,1,0
12.518686999,1,1,0
12.518687000,1,1,1
12.521687999,1,1,1
12.521688000,1,0,1
12.521687999,1,0,1
12.521688000,1,0,0
12.544199999,1,0,0
12.544200000,0,0,0
12.547099999,0,0,0
12.547100000,1,0,0
12.547837999,1,0,0
12.547838000,1,1,0
12.547838999,1,1,0
12.547839000,1,1,1
12.550839999,1,1,1
12.550840000,1,0,1
12.550839999,1,0,1
12.550840000,1,0,0
12.573399999,1,0,0
12.573400000,0,0,0
12.576299999,0,0,0
12.576300000,1,0,0
12.577036999,1,0,0
12.577037000,1,1,0
12.577036999,1,1,0
12.577037000,1,1,1
12.580037999,1,1,1
12.580038000,1,0,1
12.580037999,1,0,1
12.580038000,1,0,0
12.602499999,1,0,0
12.602500000,0,0,0
12.605399999,0,0,0
12.605400000,1,0,0
12.606111999,1,0,0
12.606112000,1,1,0
12.606111999,1,1,0
12.606112000,1,1,1
12.609113999,1,1,1
12.609114000,1,0,1
12.609113999,1,0,1
12.609114000,1,0,0
12.631499999,1,0,0
12.631500000,0,0,0
12.634399999,0,0,0
12.634400000,1,0,0
12.635085999,1,0,0
12.635086000,1,1,0
12.635085999,1,1,0
12.635086000,1,1,1
12.638086999,1,1,1
12.638087000,1,0,1
12.638086999,1,0,1
12.638087000,1,0,0
12.660499999,1,0,0
12.660500000,0,0,0
12.663299999,0,0,0
12.663300000,1,0,0
12.664083999,1,0,0
12.664084000,1,1,0
12.664083999,1,1,0
12.664084000,1,1,1
12.667085999,1,1,1
12.667086000,1,0,1
12.667085999,1,0,1
12.667086000,1,0,0
12.689299999,1,0,0
12.689300000,0,0,0
12.692199999,0,0,0
12.692200000,1,0,0
12.692835999,1,0,0
12.692836000,1,1,0
12.692836999,1,1,0
12.692837000,1,1,1
12.695836999,1,1,1
12.695837000,1,0,1
12.695836999,1,0,1
12.695837000,1,0,0
12.718099999,1,0,0
12.718100000,0,0,0
12.720999999,0,0,0
12.721000000,1,0,0
12.721632999,1,0,0
12.721633000,1,1,0
12.721632999,1,1,0
12.721633000,1,1,1
12.724633999,1,1,1
12.724634000,1,0,1
12.724633999,1,0,1
12.724634000,1,0,0
12.746899999,1,0,0
12.746900000,0,0,0
12.749699999,0,0,0
12.749700000,1,0,0
12.750430999,1,0,0
12.750431000,1,1,0
12.750430999,1,1,0
12.750431000,1,1,1
12.753431999,1,1,1
12.753432000,1,0,1
12.753432999,1,0,1
12.753433000,1,0,0
12.775499999,1,0,0
12.775500000,0,0,0
12.778399999,0,0,0
12.778400000,1,0,0
12.778982999,1,0,0
12.778983000,1,1,0
12.778982999,1,1,0
12.778983000,1,1,1
12.781983999,1,1,1
12.781984000,1,0,1
12.781984999,1,0,1
12.781985000,1,0,0
12.804199999,1,0,0
12.804200000,0,0,0
12.806999999,0,0,0
12.807000000,1,0,0
12.807703999,1,0,0
12.807704000,1,1,0
12.807703999,1,1,0
12.807704000,1,1,1
12.810704999,1,1,1
12.810705000,1,0,1
12.810704999,1,0,1
12.810705000,1,0,0
12.832699999,1,0,0
12.832700000,0,0,0
12.835499999,0,0,0
12.835500000,1,0,0
12.836155999,1,0,0
12.836156000,1,1,0
12.836155999,1,1,0
12.836156000,1,1,1
12.839156999,1,1,1
12.839157000,1,0,1
12.839156999,1,0,1
12.839157000,1,0,0
12.861099999,1,0,0
12.861100000,0,0,0
12.863999999,0,0,0
12.864000000,1,0,0
12.864529999,1,0,0
12.864530000,1,1,0
12.864529999,1,1,0
12.864530000,1,1,1
12.867531999,1,1,1
12.867532000,1,0,1
12.867531999,1,0,1
12.867532000,1,0,0
12.889599999,1,0,0
12.889600000,0,0,0
12.892399999,0,0,0
12.892400000,1,0,0
12.893051999,1,0,0
12.893052000,1,1,0
12.893051999,1,1,0
12.893052000,1,1,1
12.896052999,1,1,1
12.896053000,1,0,1
12.896052999,1,0,1
12.896053000,1,0,0
12.917899999,1,0,0
12.917900000,0,0,0
12.920699999,0,0,0
12.920700000,1,0,0
12.921303999,1,0,0
12.921304000,1,1,0
12.921303999,1,1,0
12.921304000,1,1,1
12.924304999,1,1,1
12.924305000,1,0,1
12.924304999,1,0,1
12.924305000,1,0,0
12.946199999,1,0,0
12.946200000,0,0,0
12.948999999,0,0,0
12.949000000,1,0,0
12.949601999,1,0,0
12.949602000,1,1,0
12.949601999,1,1,0
12.949602000,1,1,1
12.952602999,1,1,1
12.952603000,1,0,1
12.952602999,1,0,1
12.952603000,1,0,0
12.974399999,1,0,0
12.974400000,0,0,0
12.977199999,0,0,0
12.977200000,1,0,0
12.977775999,1,0,0
12.977776000,1,1,0
12.977776999,1,1,0
12.977777000,1,1,1
12.980777999,1,1,1
12.980778000,1,0,1
12.980777999,1,0,1
12.980778000,1,0,0
13.002499999,1,0,0
13.002500000,0,0,0
13.005299999,0,0,0
13.005300000,1,0,0
13.005850999,1,0,0
13.005851000,1,1,0
13.005850999,1,1,0
13.005851000,1,1,1
13.008851999,1,1,1
13.008852000,1,0,1
13.008851999,1,0,1
13.008852000,1,0,0
13.030599999,1,0,0
13.030600000,0,0,0
13.033399999,0,0,0
13.033400000,1,0,0
13.033948999,1,0,0
13.033949000,1,1,0
13.033948999,1,1,0
13.033949000,1,1,1
13.036949999,1,1,1
13.036950000,1,0,1
13.036949999,1,0,1
13.036950000,1,0,0
13.058599999,1,0,0
13.058600000,0,0,0
13.061399999,0,0,0
13.061400000,1,0,0
13.061923999,1,0,0
13.061924000,1,1,0
13.061923999,1,1,0
13.061924000,1,1,1
13.064924999,1,1,1
13.064925000,1,0,1
13.064924999,1,0,1
13.064925000,1,0,0
13.086599999,1,0,0
13.086600000,0,0,0
13.089299999,0,0,0
13.089300000,1,0,0
13.089921999,1,0,0
13.089922000,1,1,0
13.089921999,1,1,0
13.089922000,1,1,1
13.092922999,1,1,1
13.092923000,1,0,1
13.092922999,1,0,1
13.092923000,1,0,0
13.114399999,1,0,0
13.114400000,0,0,0
13.117199999,0,0,0
13.117200000,1,0,0
13.117673999,1,0,0
13.117674000,1,1,0
13.117673999,1,1,0
13.117674000,1,1,1
13.120675999,1,1,1
13.120676000,1,0,1
13.120675999,1,0,1
13.120676000,1,0,0
13.142299999,1,0,0
13.142300000,0,0,0
13.144999999,0,0,0
13.145000000,1,0,0
13.145594999,1,0,0
13.145595000,1,1,0
13.145594999,1,1,0
13.145595000,1,1,1
13.148595999,1,1,1
13.148596000,1,0,1
13.148595999,1,0,1
13.148596000,1,0,0
13.169999999,1,0,0
13.170000000,0,0,0
13.172799999,0,0,0
13.172800000,1,0,0
13.173245999,1,0,0
13.173246000,1,1,0
13.173246999,1,1,0
13.173247000,1,1,1
13.176247999,1,1,1
13.176248000,1,0,1
13.176247999,1,0,1
13.176248000,1,0,0
13.197699999,1,0,0
13.197700000,0,0,0
13.200499999,0,0,0
13.200500000,1,0,0
13.200944999,1,0,0
13.200945000,1,1,0
13.200944999,1,1,0
13.200945000,1,1,1
13.203945999,1,1,1
13.203946000,1,0,1
13.203945999,1,0,1
13.203946000,1,0,0
13.225399999,1,0,0
13.225400000,0,0,0
13.228099999,0,0,0
13.228100000,1,0,0
13.228642999,1,0,0
13.228643000,1,1,0
13.228642999,1,1,0
13.228643000,1,1,1
13.231644999,1,1,1
13.231645000,1,0,1
13.231644999,1,0,1
13.231645000,1,0,0
13.252899999,1,0,0
13.252900000,0,0,0
13.255699999,0,0,0
13.255700000,1,0,0
13.256094999,1,0,0
13.256095000,1,1,0
13.256094999,1,1,0
13.256095000,1,1,1
13.259096999,1,1,1
13.259097000,1,0,1
13.259096999,1,0,1
13.259097000,1,0,0
13.280499999,1,0,0
13.280500000,0,0,0
13.283199999,0,0,0
13.283200000,1,0,0
13.283716999,1,0,0
13.283717000,1,1,0
13.283716999,1,1,0
13.283717000,1,1,1
13.286718999,1,1,1
13.286719000,1,0,1
13.286718999,1,0,1
13.286719000,1,0,0
13.307899999,1,0,0
13.307900000,0,0,0
13.310699999,0,0,0
13.310700000,1,0,0
13.311068999,1,0,0
13.311069000,1,1,0
13.311068999,1,1,0
13.311069000,1,1,1
13.314069999,1,1,1
13.314070000,1,0,1
13.314069999,1,0,1
13.314070000,1,0,0
13.335399999,1,0,0
13.335400000,0,0,0
13.338099999,0,0,0
13.338100000,1,0,0
13.338590999,1,0,0
13.338591000,1,1,0
13.338590999,1,1,0
13.338591000,1,1,1
13.341591999,1,1,1
13.341592000,1,0,1
13.341591999,1,0,1
13.341592000,1,0,0
13.362699999,1,0,0
13.362700000,0,0,0
13.365399999,0,0,0
13.365400000,1,0,0
13.365842999,1,0,0
13.365843000,1,1,0
13.365842999,1,1,0
13.365843000,1,1,1
13.368843999,1,1,1
13.368844000,1,0,1
13.368843999,1,0,1
13.368844000,1,0,0
13.389999999,1,0,0
13.390000000,0,0,0
13.392699999,0,0,0
13.392700000,1,0,0
13.393140999,1,0,0
13.393141000,1,1,0
13.393140999,1,1,0
13.393141000,1,1,1
13.396141999,1,1,1
13.396142000,1,0,1
13.396141999,1,0,1
13.396142000,1,0,0
13.417199999,1,0,0
13.417200000,0,0,0
13.419899999,0,0,0
13.419900000,1,0,0
13.420315999,1,0,0
13.420316000,1,1,0
13.420315999,1,1,0
13.420316000,1,1,1
13.423316999,1,1,1
13.423317000,1,0,1
13.423316999,1,0,1
13.423317000,1,0,0
13.444399999,1,0,0
13.444400000,0,0,0
13.447099999,0,0,0
13.447100000,1,0,0
13.447513999,1,0,0
13.447514000,1,1,0
13.447513999,1,1,0
13.447514000,1,1,1
13.450514999,1,1,1
13.450515000,1,0,1
13.450514999,1,0,1
13.450515000,1,0,0
13.471499999,1,0,0
13.471500000,0,0,0
13.474199999,0,0,0
13.474200000,1,0,0
13.474588999,1,0,0
13.474589000,1,1,0
13.474588999,1,1,0
13.474589000,1,1,1
13.477590999,1,1,1
13.477591000,1,0,1
13.477590999,1,0,1
13.477591000,1,0,0
13.498599999,1,0,0
13.498600000,0,0,0
13.501299999,0,0,0
13.501300000,1,0,0
13.501686999,1,0,0
13.501687000,1,1,0
13.501686999,1,1,0
13.501687000,1,1,1
13.504688999,1,1,1
13.504689000,1,0,1
13.504688999,1,0,1
13.504689000,1,0,0
13.525599999,1,0,0
13.525600000,0,0,0
13.528299999,0,0,0
13.528300000,1,0,0
13.528661999,1,0,0
13.528662000,1,1,0
13.528661999,1,1,0
13.528662000,1,1,1
13.531663999,1,1,1
13.531664000,1,0,1
13.531663999,1,0,1
13.531664000,1,0,0
13.552599999,1,0,0
13.552600000,0,0,0
13.555199999,0,0,0
13.555200000,1,0,0
13.555659999,1,0,0
13.555660000,1,1,0
13.555659999,1,1,0
13.555660000,1,1,1
13.558661999,1,1,1
13.558662000,1,0,1
13.558661999,1,0,1
13.558662000,1,0,0
13.579399999,1,0,0
13.579400000,0,0,0
13.582099999,0,0,0
13.582100000,1,0,0
13.582412999,1,0,0
13.582413000,1,1,0
13.582412999,1,1,0
13.582413000,1,1,1
13.585413999,1,1,1
13.585414000,1,0,1
13.585413999,1,0,1
13.585414000,1,0,0
13.606299999,1,0,0
13.606300000,0,0,0
13.608899999,0,0,0
13.608900000,1,0,0
13.609332999,1,0,0
13.609333000,1,1,0
13.609332999,1,1,0
13.609333000,1,1,1
13.612333999,1,1,1
13.612334000,1,0,1
13.612333999,1,0,1
13.612334000,1,0,0
13.632999999,1,0,0
13.633000000,0,0,0
13.635699999,0,0,0
13.635700000,1,0,0
13.635985999,1,0,0
13.635986000,1,1,0
13.635985999,1,1,0
13.635986000,1,1,1
13.638986999,1,1,1
13.638987000,1,0,1
13.638986999,1,0,1
13.638987000,1,0,0
13.659799999,1,0,0
13.659800000,0,0,0
13.662399999,0,0,0
13.662400000,1,0,0
13.662806999,1,0,0
13.662807000,1,1,0
13.662806999,1,1,0
13.662807000,1,1,1
13.665808999,1,1,1
13.665809000,1,0,1
13.665808999,1,0,1
13.665809000,1,0,0
13.686399999,1,0,0
13.686400000,0,0,0
13.689099999,0,0,0
13.689100000,1,0,0
13.689359999,1,0,0
13.689360000,1,1,0
13.689359999,1,1,0
13.689360000,1,1,1
13.692360999,1,1,1
13.692361000,1,0,1
13.692361999,1,0,1
13.692362000,1,0,0
13.713099999,1,0,0
13.713100000,0,0,0
13.715699999,0,0,0
13.715700000,1,0,0
13.716080999,1,0,0
13.716081000,1,1,0
13.716081999,1,1,0
13.716082000,1,1,1
13.719083999,1,1,1
13.719084000,1,0,1
13.719083999,1,0,1
13.719084000,1,0,0
13.739599999,1,0,0
13.739600000,0,0,0
13.742299999,0,0,0
13.742300000,1,0,0
13.742533999,1,0,0
13.742534000,1,1,0
13.742533999,1,1,0
13.742534000,1,1,1
13.745534999,1,1,1
13.745535000,1,0,1
13.745534999,1,0,1
13.745535000,1,0,0
13.766199999,1,0,0
13.766200000,0,0,0
13.768799999,0,0,0
13.768800000,1,0,0
13.769155999,1,0,0
13.769156000,1,1,0
13.769155999,1,1,0
13.769156000,1,1,1
13.772156999,1,1,1
13.772157000,1,0,1
13.772156999,1,0,1
13.772157000,1,0,0
13.792599999,1,0,0
13.792600000,0,0,0
13.795199999,0,0,0
13.795200000,1,0,0
13.795507999,1,0,0
13.795508000,1,1,0
13.795507999,1,1,0
13.795508000,1,1,1
13.798508999,1,1,1
13.798509000,1,0,1
13.798508999,1,0,1
13.798509000,1,0,0
13.818999999,1,0,0
13.819000000,0,0,0
13.821599999,0,0,0
13.821600000,1,0,0
13.821905999,1,0,0
13.821906000,1,1,0
13.821905999,1,1,0
13.821906000,1,1,1
13.824906999,1,1,1
13.824907000,1,0,1
13.824906999,1,0,1
13.824907000,1,0,0
13.845299999,1,0,0
13.845300000,0,0,0
13.847899999,0,0,0
13.847900000,1,0,0
13.848180999,1,0,0
13.848181000,1,1,0
13.848180999,1,1,0
13.848181000,1,1,1
13.851181999,1,1,1
13.851182000,1,0,1
13.851181999,1,0,1
13.851182000,1,0,0
13.871599999,1,0,0
13.871600000,0,0,0
13.874199999,0,0,0
13.874200000,1,0,0
13.874478999,1,0,0
13.874479000,1,1,0
13.874478999,1,1,0
13.874479000,1,1,1
13.877479999,1,1,1
13.877480000,1,0,1
13.877479999,1,0,1
13.877480000,1,0,0
13.897799999,1,0,0
13.897800000,0,0,0
13.900399999,0,0,0
13.900400000,1,0,0
13.900653999,1,0,0
13.900654000,1,1,0
13.900653999,1,1,0
13.900654000,1,1,1
13.903654999,1,1,1
13.903655000,1,0,1
13.903654999,1,0,1
13.903655000,1,0,0
13.923999999,1,0,0
13.924000000,0,0,0
13.926599999,0,0,0
13.926600000,1,0,0
13.926851999,1,0,0
13.926852000,1,1,0
13.926851999,1,1,0
13.926852000,1,1,1
13.929852999,1,1,1
13.929853000,1,0,1
13.929852999,1,0,1
13.929853000,1,0,0
13.950099999,1,0,0
13.950100000,0,0,0
13.952699999,0,0,0
13.952700000,1,0,0
13.952926999,1,0,0
13.952927000,1,1,0
13.952926999,1,1,0
13.952927000,1,1,1
13.955927999,1,1,1
13.955928000,1,0,1
13.955927999,1,0,1
13.955928000,1,0,0
13.976199999,1,0,0
13.976200000,0,0,0
13.978799999,0,0,0
13.978800000,1,0,0
13.979024999,1,0,0
13.979025000,1,1,0
13.979024999,1,1,0
13.979025000,1,1,1
13.982026999,1,1,1
13.982027000,1,0,1
13.982026999,1,0,1
13.982027000,1,0,0
14.002199999,1,0,0
14.002200000,0,0,0
14.004799999,0,0,0
14.004800000,1,0,0
14.005000999,1,0,0
14.005001000,1,1,0
14.005000999,1,1,0
14.005001000,1,1,1
14.008001999,1,1,1
14.008002000,1,0,1
14.008001999,1,0,1
14.008002000,1,0,0
14.028199999,1,0,0
14.028200000,0,0,0
14.030799999,0,0,0
14.030800000,1,0,0
14.030999999,1,0,0
14.031000000,1,1,0
14.030999999,1,1,0
14.031000000,1,1,1
14.034000999,1,1,1
14.034001000,1,0,1
14.034000999,1,0,1
14.034001000,1,0,0
14.054099999,1,0,0
14.054100000,0,0,0
14.056699999,0,0,0
14.056700000,1,0,0
14.056873999,1,0,0
14.056874000,1,1,0
14.056874999,1,1,0
14.056875000,1,1,1
14.059875999,1,1,1
14.059876000,1,0,1
14.059875999,1,0,1
14.059876000,1,0,0
14.079999999,1,0,0
14.080000000,0,0,0
14.082599999,0,0,0
14.082600000,1,0,0
14.082772999,1,0,0
14.082773000,1,1,0
14.082772999,1,1,0
14.082773000,1,1,1
14.085774999,1,1,1
14.085775000,1,0,1
14.085774999,1,0,1
14.085775000,1,0,0
14.105899999,1,0,0
14.105900000,0,0,0
14.108399999,0,0,0
14.108400000,1,0,0
14.108672999,1,0,0
14.108673000,1,1,0
14.108672999,1,1,0
14.108673000,1,1,1
14.111673999,1,1,1
14.111674000,1,0,1
14.111673999,1,0,1
14.111674000,1,0,0
14.131599999,1,0,0
14.131600000,0,0,0
14.134199999,0,0,0
14.134200000,1,0,0
14.134324999,1,0,0
14.134325000,1,1,0
14.134324999,1,1,0
14.134325000,1,1,1
14.137325999,1,1,1
14.137326000,1,0,1
14.137325999,1,0,1
14.137326000,1,0,0
14.157399999,1,0,0
14.157400000,0,0,0
14.159899999,0,0,0
14.159900000,1,0,0
14.160146999,1,0,0
14.160147000,1,1,0
14.160146999,1,1,0
14.160147000,1,1,1
14.163147999,1,1,1
14.163148000,1,0,1
14.163147999,1,0,1
14.163148000,1,0,0
14.182999999,1,0,0
14.183000000,0,0,0
14.185599999,0,0,0
14.185600000,1,0,0
14.185698999,1,0,0
14.185699000,1,1,0
14.185698999,1,1,0
14.185699000,1,1,1
14.188699999,1,1,1
14.188700000,1,0,1
14.188699999,1,0,1
14.188700000,1,0,0
14.208699999,1,0,0
14.208700000,0,0,0
14.211199999,0,0,0
14.211200000,1,0,0
14.211418999,1,0,0
14.211419000,1,1,0
14.211419999,1,1,0
14.211420000,1,1,1
14.214420999,1,1,1
14.214421000,1,0,1
14.214420999,1,0,1
14.214421000,1,0,0
14.234199999,1,0,0
14.234200000,0,0,0
14.236799999,0,0,0
14.236800000,1,0,0
14.236872999,1,0,0
14.236873000,1,1,0
14.236872999,1,1,0
14.236873000,1,1,1
14.239873999,1,1,1
14.239874000,1,0,1
14.239873999,1,0,1
14.239874000,1,0,0
14.259799999,1,0,0
14.259800000,0,0,0
14.262299999,0,0,0
14.262300000,1,0,0
14.262493999,1,0,0
14.262494000,1,1,0
14.262493999,1,1,0
14.262494000,1,1,1
14.265495999,1,1,1
14.265496000,1,0,1
14.265495999,1,0,1
14.265496000,1,0,0
14.285199999,1,0,0
14.285200000,0,0,0
14.287799999,0,0,0
14.287800000,1,0,0
14.287845999,1,0,0
14.287846000,1,1,0
14.287845999,1,1,0
14.287846000,1,1,1
14.290846999,1,1,1
14.290847000,1,0,1
14.290846999,1,0,1
14.290847000,1,0,0
14.310699999,1,0,0
14.310700000,0,0,0
14.313199999,0,0,0
14.313200000,1,0,0
14.313367999,1,0,0
14.313368000,1,1,0
14.313367999,1,1,0
14.313368000,1,1,1
14.316368999,1,1,1
14.316369000,1,0,1
14.316368999,1,0,1
14.316369000,1,0,0
14.336099999,1,0,0
14.336100000,0,0,0
14.338599999,0,0,0
14.338600000,1,0,0
14.338742999,1,0,0
14.338743000,1,1,0
14.338743999,1,1,0
14.338744000,1,1,1
14.341744999,1,1,1
14.341745000,1,0,1
14.341744999,1,0,1
14.341745000,1,0,0
14.361399999,1,0,0
14.361400000,0,0,0
14.363899999,0,0,0
14.363900000,1,0,0
14.364018999,1,0,0
14.364019000,1,1,0
14.364018999,1,1,0
14.364019000,1,1,1
14.367019999,1,1,1
14.367020000,1,0,1
14.367019999,1,0,1
14.367020000,1,0,0
14.386699999,1,0,0
14.386700000,0,0,0
14.389199999,0,0,0
14.389200000,1,0,0
14.389317999,1,0,0
14.389318000,1,1,0
14.389317999,1,1,0
14.389318000,1,1,1
14.392318999,1,1,1
14.392319000,1,0,1
14.392318999,1,0,1
14.392319000,1,0,0
14.411899999,1,0,0
14.411900000,0,0,0
14.414492999,0,0,0
14.414493000,0,1,0
14.414492999,0,1,0
14.414493000,0,1,1
14.414499999,0,1,1
14.414500000,1,1,1
14.417493999,1,1,1
14.417494000,1,0,1
14.417493999,1,0,1
14.417494000,1,0,0
14.437199999,1,0,0
14.437200000,0,0,0
14.439699999,0,0,0
14.439700000,1,0,0
14.439813999,1,0,0
14.439814000,1,1,0
14.439814999,1,1,0
14.439815000,1,1,1
14.442815999,1,1,1
14.442816000,1,0,1
14.442815999,1,0,1
14.442816000,1,0,0
14.462399999,1,0,0
14.462400000,0,0,0
14.464899999,0,0,0
14.464900000,1,0,0
14.464989999,1,0,0
14.464990000,1,1,0
14.464989999,1,1,0
14.464990000,1,1,1
14.467990999,1,1,1
14.467991000,1,0,1
14.467991999,1,0,1
14.467992000,1,0,0
14.487499999,1,0,0
14.487500000,0,0,0
14.489999999,0,0,0
14.490000000,1,0,0
14.490065999,1,0,0
14.490066000,1,1,0
14.490065999,1,1,0
14.490066000,1,1,1
14.493066999,1,1,1
14.493067000,1,0,1
14.493066999,1,0,1
14.493067000,1,0,0
14.512599999,1,0,0
14.512600000,0,0,0
14.515099999,0,0,0
14.515100000,1,0,0
14.515163999,1,0,0
14.515164000,1,1,0
14.515163999,1,1,0
14.515164000,1,1,1
14.518164999,1,1,1
14.518165000,1,0,1
14.518164999,1,0,1
14.518165000,1,0,0
14.537599999,1,0,0
14.537600000,0,0,0
14.540099999,0,0,0
14.540100000,1,0,0
14.540138999,1,0,0
14.540139000,1,1,0
14.540138999,1,1,0
14.540139000,1,1,1
14.543140999,1,1,1
14.543141000,1,0,1
14.543140999,1,0,1
14.543141000,1,0,0
14.562599999,1,0,0
14.562600000,0,0,0
14.565099999,0,0,0
14.565100000,1,0,0
14.565137999,1,0,0
14.565138000,1,1,0
14.565137999,1,1,0
14.565138000,1,1,1
14.568138999,1,1,1
14.568139000,1,0,1
14.568138999,1,0,1
14.568139000,1,0,0
14.587599999,1,0,0
14.587600000,0,0,0
14.589999999,0,0,0
14.590000000,1,0,0
14.590135999,1,0,0
14.590136000,1,1,0
14.590136999,1,1,0
14.590137000,1,1,1
14.593137999,1,1,1
14.593138000,1,0,1
14.593137999,1,0,1
14.593138000,1,0,0
14.612399999,1,0,0
14.612400000,0,0,0
14.614889999,0,0,0
14.614890000,0,1,0
14.614889999,0,1,0
14.614890000,0,1,1
14.614899999,0,1,1
14.614900000,1,1,1
14.617890999,1,1,1
14.617891000,1,0,1
14.617890999,1,0,1
14.617891000,1,0,0
14.637299999,1,0,0
14.637300000,0,0,0
14.639699999,0,0,0
14.639700000,1,0,0
14.639810999,1,0,0
14.639811000,1,1,0
14.639810999,1,1,0
14.639811000,1,1,1
14.642811999,1,1,1
14.642812000,1,0,1
14.642811999,1,0,1
14.642812000,1,0,0
14.661999999,1,0,0
14.662000000,0,0,0
14.664463999,0,0,0
14.664464000,0,1,0
14.664463999,0,1,0
14.664464000,0,1,1
14.664499999,0,1,1
14.664500000,1,1,1
14.667464999,1,1,1
14.667465000,1,0,1
14.667464999,1,0,1
14.667465000,1,0,0
14.686799999,1,0,0
14.686800000,0,0,0
14.689284999,0,0,0
14.689285000,0,1,0
14.689284999,0,1,0
14.689285000,0,1,1
14.689299999,0,1,1
14.689300000,1,1,1
14.692285999,1,1,1
14.692286000,1,0,1
14.692285999,1,0,1
14.692286000,1,0,0
14.711599999,1,0,0
14.711600000,0,0,0
14.713999999,0,0,0
14.714000000,1,0,0
14.714083999,1,0,0
14.714084000,1,1,0
14.714083999,1,1,0
14.714084000,1,1,1
14.717084999,1,1,1
14.717085000,1,0,1
14.717084999,1,0,1
14.717085000,1,0,0
14.736199999,1,0,0
14.736200000,0,0,0
14.738637999,0,0,0
14.738638000,0,1,0
14.738637999,0,1,0
14.738638000,0,1,1
14.738699999,0,1,1
14.738700000,1,1,1
14.741638999,1,1,1
14.741639000,1,0,1
14.741638999,1,0,1
14.741639000,1,0,0
14.760899999,1,0,0
14.760900000,0,0,0
14.763299999,0,0,0
14.763300000,1,0,0
14.763358999,1,0,0
14.763359000,1,1,0
14.763358999,1,1,0
14.763359000,1,1,1
14.766359999,1,1,1
14.766360000,1,0,1
14.766359999,1,0,1
14.766360000,1,0,0
14.785399999,1,0,0
14.785400000,0,0,0
14.787810999,0,0,0
14.787811000,0,1,0
14.787810999,0,1,0
14.787811000,0,1,1
14.787899999,0,1,1
14.787900000,1,1,1
14.790811999,1,1,1
14.790812000,1,0,1
14.790811999,1,0,1
14.790812000,1,0,0
14.809999999,1,0,0
14.810000000,0,0,0
14.812399999,0,0,0
14.812400000,1,0,0
14.812431999,1,0,0
14.812432000,1,1,0
14.812432999,1,1,0
14.812433000,1,1,1
14.815433999,1,1,1
14.815434000,1,0,1
14.815433999,1,0,1
14.815434000,1,0,0
14.834499999,1,0,0
14.834500000,0,0,0
14.836899999,0,0,0
14.836900000,1,0,0
14.836907999,1,0,0
14.836908000,1,1,0
14.836908999,1,1,0
14.836909000,1,1,1
14.839909999,1,1,1
14.839910000,1,0,1
14.839909999,1,0,1
14.839910000,1,0,0
14.858899999,1,0,0
14.858900000,0,0,0
14.861283999,0,0,0
14.861284000,0,1,0
14.861283999,0,1,0
14.861284000,0,1,1
14.861399999,0,1,1
14.861400000,1,1,1
14.864284999,1,1,1
14.864285000,1,0,1
14.864285999,1,0,1
14.864286000,1,0,0
14.883399999,1,0,0
14.883400000,0,0,0
14.885799999,0,0,0
14.885800000,1,0,0
14.885805999,1,0,0
14.885806000,1,1,0
14.885805999,1,1,0
14.885806000,1,1,1
14.888807999,1,1,1
14.888808000,1,0,1
14.888807999,1,0,1
14.888808000,1,0,0
14.907699999,1,0,0
14.907700000,0,0,0
14.910058999,0,0,0
14.910059000,0,1,0
14.910058999,0,1,0
14.910059000,0,1,1
14.910199999,0,1,1
14.910200000,1,1,1
14.913060999,1,1,1
14.913061000,1,0,1
14.913060999,1,0,1
14.913061000,1,0,0
14.932099999,1,0,0
14.932100000,0,0,0
14.934479999,0,0,0
14.934480000,0,1,0
14.934479999,0,1,0
14.934480000,0,1,1
14.934499999,0,1,1
14.934500000,1,1,1
14.937480999,1,1,1
14.937481000,1,0,1
14.937480999,1,0,1
14.937481000,1,0,0
14.956399999,1,0,0
14.956400000,0,0,0
14.958756999,0,0,0
14.958757000,0,1,0
14.958756999,0,1,0
14.958757000,0,1,1
14.958799999,0,1,1
14.958800000,1,1,1
14.961757999,1,1,1
14.961758000,1,0,1
14.961757999,1,0,1
14.961758000,1,0,0
14.980599999,1,0,0
14.980600000,0,0,0
14.982931999,0,0,0
14.982932000,0,1,0
14.982931999,0,1,0
14.982932000,0,1,1
14.983099999,0,1,1
14.983100000,1,1,1
14.985932999,1,1,1
14.985933000,1,0,1
14.985932999,1,0,1
14.985933000,1,0,0
15.004899999,1,0,0
15.004900000,0,0,0
15.007253999,0,0,0
15.007254000,0,1,0
15.007253999,0,1,0
15.007254000,0,1,1
15.007299999,0,1,1
15.007300000,1,1,1
15.010254999,1,1,1
15.010255000,1,0,1
15.010254999,1,0,1
15.010255000,1,0,0
15.029099999,1,0,0
15.029100000,0,0,0
15.031428999,0,0,0
15.031429000,0,1,0
15.031429999,0,1,0
15.031430000,0,1,1
15.031499999,0,1,1
15.031500000,1,1,1
15.034430999,1,1,1
15.034431000,1,0,1
15.034430999,1,0,1
15.034431000,1,0,0
15.053199999,1,0,0
15.053200000,0,0,0
15.055504999,0,0,0
15.055505000,0,1,0
15.055504999,0,1,0
15.055505000,0,1,1
15.055599999,0,1,1
15.055600000,1,1,1
15.058505999,1,1,1
15.058506000,1,0,1
15.058505999,1,0,1
15.058506000,1,0,0
15.077299999,1,0,0
15.077300000,0,0,0
15.079603999,0,0,0
15.079604000,0,1,0
15.079603999,0,1,0
15.079604000,0,1,1
15.079699999,0,1,1
15.079700000,1,1,1
15.082604999,1,1,1
15.082605000,1,0,1
15.082604999,1,0,1
15.082605000,1,0,0
15.101399999,1,0,0
15.101400000,0,0,0
15.103699999,0,0,0
15.103700000,1,0,0
15.103701999,1,0,0
15.103702000,1,1,0
15.103701999,1,1,0
15.103702000,1,1,1
15.106702999,1,1,1
15.106703000,1,0,1
15.106702999,1,0,1
15.106703000,1,0,0
15.125299999,1,0,0
15.125300000,0,0,0
15.127554999,0,0,0
15.127555000,0,1,0
15.127554999,0,1,0
15.127555000,0,1,1
15.127699999,0,1,1
15.127700000,1,1,1
15.130555999,1,1,1
15.130556000,1,0,1
15.130555999,1,0,1
15.130556000,1,0,0
15.149299999,1,0,0
15.149300000,0,0,0
15.151574999,0,0,0
15.151575000,0,1,0
15.151574999,0,1,0
15.151575000,0,1,1
15.151699999,0,1,1
15.151700000,1,1,1
15.154576999,1,1,1
15.154577000,1,0,1
15.154576999,1,0,1
15.154577000,1,0,0
15.173199999,1,0,0
15.173200000,0,0,0
15.175450999,0,0,0
15.175451000,0,1,0
15.175451999,0,1,0
15.175452000,0,1,1
15.175599999,0,1,1
15.175600000,1,1,1
15.178452999,1,1,1
15.178453000,1,0,1
15.178452999,1,0,1
15.178453000,1,0,0
15.197099999,1,0,0
15.197100000,0,0,0
15.199349999,0,0,0
15.199350000,0,1,0
15.199349999,0,1,0
15.199350000,0,1,1
15.199499999,0,1,1
15.199500000,1,1,1
15.202350999,1,1,1
15.202351000,1,0,1
15.202350999,1,0,1
15.202351000,1,0,0
15.220999999,1,0,0
15.221000000,0,0,0
15.223248999,0,0,0
15.223249000,0,1,0
15.223249999,0,1,0
15.223250000,0,1,1
15.223299999,0,1,1
15.223300000,1,1,1
15.226250999,1,1,1
15.226251000,1,0,1
15.226250999,1,0,1
15.226251000,1,0,0
15.244699999,1,0,0
15.244700000,0,0,0
15.246901999,0,0,0
15.246902000,0,1,0
15.246902999,0,1,0
15.246903000,0,1,1
15.247099999,0,1,1
15.247100000,1,1,1
15.249902999,1,1,1
15.249903000,1,0,1
15.249903999,1,0,1
15.249904000,1,0,0
15.268499999,1,0,0
15.268500000,0,0,0
15.270723999,0,0,0
15.270724000,0,1,0
15.270723999,0,1,0
15.270724000,0,1,1
15.270899999,0,1,1
15.270900000,1,1,1
15.273724999,1,1,1
15.273725000,1,0,1
15.273724999,1,0,1
15.273725000,1,0,0
15.292299999,1,0,0
15.292300000,0,0,0
15.294522999,0,0,0
15.294523000,0,1,0
15.294522999,0,1,0
15.294523000,0,1,1
15.294599999,0,1,1
15.294600000,1,1,1
15.297523999,1,1,1
15.297524000,1,0,1
15.297523999,1,0,1
15.297524000,1,0,0
15.315899999,1,0,0
15.315900000,0,0,0
15.318075999,0,0,0
15.318076000,0,1,0
15.318075999,0,1,0
15.318076000,0,1,1
15.318299999,0,1,1
15.318300000,1,1,1
15.321076999,1,1,1
15.321077000,1,0,1
15.321076999,1,0,1
15.321077000,1,0,0
15.339599999,1,0,0
15.339600000,0,0,0
15.341795999,0,0,0
15.341796000,0,1,0
15.341796999,0,1,0
15.341797000,0,1,1
15.341999999,0,1,1
15.342000000,1,1,1
15.344797999,1,1,1
15.344798000,1,0,1
15.344797999,1,0,1
15.344798000,1,0,0
15.363299999,1,0,0
15.363300000,0,0,0
15.365495999,0,0,0
15.365496000,0,1,0
15.365495999,0,1,0
15.365496000,0,1,1
15.365599999,0,1,1
15.365600000,1,1,1
15.368496999,1,1,1
15.368497000,1,0,1
15.368496999,1,0,1
15.368497000,1,0,0
15.386799999,1,0,0
15.386800000,0,0,0
15.388949999,0,0,0
15.388950000,0,1,0
15.388949999,0,1,0
15.388950000,0,1,1
15.389199999,0,1,1
15.389200000,1,1,1
15.391950999,1,1,1
15.391951000,1,0,1
15.391950999,1,0,1
15.391951000,1,0,0
15.410399999,1,0,0
15.410400000,0,0,0
15.412570999,0,0,0
15.412571000,0,1,0
15.412570999,0,1,0
15.412571000,0,1,1
15.412699999,0,1,1
15.412700000,1,1,1
15.415571999,1,1,1
15.415572000,1,0,1
15.415571999,1,0,1
15.415572000,1,0,0
15.433899999,1,0,0
15.433900000,0,0,0
15.436047999,0,0,0
15.436048000,0,1,0
15.436047999,0,1,0
15.436048000,0,1,1
15.436199999,0,1,1
15.436200000,1,1,1
15.439048999,1,1,1
15.439049000,1,0,1
15.439048999,1,0,1
15.439049000,1,0,0
15.457299999,1,0,0
15.457300000,0,0,0
15.459422999,0,0,0
15.459423000,0,1,0
15.459422999,0,1,0
15.459423000,0,1,1
15.459699999,0,1,1
15.459700000,1,1,1
15.462423999,1,1,1
15.462424000,1,0,1
15.462423999,1,0,1
15.462424000,1,0,0
15.480799999,1,0,0
15.480800000,0,0,0
15.482943999,0,0,0
15.482944000,0,1,0
15.482943999,0,1,0
15.482944000,0,1,1
15.483099999,0,1,1
15.483100000,1,1,1
15.485944999,1,1,1
15.485945000,1,0,1
15.485944999,1,0,1
15.485945000,1,0,0
15.504199999,1,0,0
15.504200000,0,0,0
15.506320999,0,0,0
15.506321000,0,1,0
15.506320999,0,1,0
15.506321000,0,1,1
15.506499999,0,1,1
15.506500000,1,1,1
15.509322999,1,1,1
15.509323000,1,0,1
15.509322999,1,0,1
15.509323000,1,0,0
15.527499999,1,0,0
15.527500000,0,0,0
15.529596999,0,0,0
15.529597000,0,1,0
15.529596999,0,1,0
15.529597000,0,1,1
15.529899999,0,1,1
15.529900000,1,1,1
15.532597999,1,1,1
15.532598000,1,0,1
15.532597999,1,0,1
15.532598000,1,0,0
15.550899999,1,0,0
15.550900000,0,0,0
15.553016999,0,0,0
15.553017000,0,1,0
15.553017999,0,1,0
15.553018000,0,1,1
15.553199999,0,1,1
15.553200000,1,1,1
15.556018999,1,1,1
15.556019000,1,0,1
15.556018999,1,0,1
15.556019000,1,0,0
15.574199999,1,0,0
15.574200000,0,0,0
15.576294999,0,0,0
15.576295000,0,1,0
15.576294999,0,1,0
15.576295000,0,1,1
15.576499999,0,1,1
15.576500000,1,1,1
15.579299999,1,1,1
15.579300000,1,0,1
15.579299999,1,0,1
15.579300000,1,0,0
15.597399999,1,0,0
15.597400000,0,0,0
15.599469999,0,0,0
15.599470000,0,1,0
15.599470999,0,1,0
15.599471000,0,1,1
15.599699999,0,1,1
15.599700000,1,1,1
15.602470999,1,1,1
15.602471000,1,0,1
15.602470999,1,0,1
15.602471000,1,0,0
15.620599999,1,0,0
15.620600000,0,0,0
15.622668999,0,0,0
15.622669000,0,1,0
15.622668999,0,1,0
15.622669000,0,1,1
15.622899999,0,1,1
15.622900000,1,1,1
15.625669999,1,1,1
15.625670000,1,0,1
15.625669999,1,0,1
15.625670000,1,0,0
15.643799999,1,0,0
15.643800000,0,0,0
15.645866999,0,0,0
15.645867000,0,1,0
15.645867999,0,1,0
15.645868000,0,1,1
15.646099999,0,1,1
15.646100000,1,1,1
15.648868999,1,1,1
15.648869000,1,0,1
15.648868999,1,0,1
15.648869000,1,0,0
15.666899999,1,0,0
15.666900000,0,0,0
15.668942999,0,0,0
15.668943000,0,1,0
15.668942999,0,1,0
15.668943000,0,1,1
15.669199999,0,1,1
15.669200000,1,1,1
15.671943999,1,1,1
15.671944000,1,0,1
15.671943999,1,0,1
15.671944000,1,0,0
15.689999999,1,0,0
15.690000000,0,0,0
15.692041999,0,0,0
15.692042000,0,1,0
15.692041999,0,1,0
15.692042000,0,1,1
15.692299999,0,1,1
15.692300000,1,1,1
15.695042999,1,1,1
15.695043000,1,0,1
15.695042999,1,0,1
15.695043000,1,0,0
15.713099999,1,0,0
15.713100000,0,0,0
15.715140999,0,0,0
15.715141000,0,1,0
15.715140999,0,1,0
15.715141000,0,1,1
15.715399999,0,1,1
15.715400000,1,1,1
15.718141999,1,1,1
15.718142000,1,0,1
15.718141999,1,0,1
15.718142000,1,0,0
15.736099999,1,0,0
15.736100000,0,0,0
15.738116999,0,0,0
15.738117000,0,1,0
15.738116999,0,1,0
15.738117000,0,1,1
15.738399999,0,1,1
15.738400000,1,1,1
15.741117999,1,1,1
15.741118000,1,0,1
15.741117999,1,0,1
15.741118000,1,0,0
15.759099999,1,0,0
15.759100000,0,0,0
15.761114999,0,0,0
15.761115000,0,1,0
15.761114999,0,1,0
15.761115000,0,1,1
15.761399999,0,1,1
15.761400000,1,1,1
15.764115999,1,1,1
15.764116000,1,0,1
15.764116999,1,0,1
15.764117000,1,0,0
15.782099999,1,0,0
15.782100000,0,0,0
15.784113999,0,0,0
15.784114000,0,1,0
15.784113999,0,1,0
15.784114000,0,1,1
15.784399999,0,1,1
15.784400000,1,1,1
15.787115999,1,1,1
15.787116000,1,0,1
15.787115999,1,0,1
15.787116000,1,0,0
15.804999999,1,0,0
15.805000000,0,0,0
15.806989999,0,0,0
15.806990000,0,1,0
15.806989999,0,1,0
15.806990000,0,1,1
15.807299999,0,1,1
15.807300000,1,1,1
15.809990999,1,1,1
15.809991000,1,0,1
15.809990999,1,0,1
15.809991000,1,0,0
15.827899999,1,0,0
15.827900000,0,0,0
15.829888999,0,0,0
15.829889000,0,1,0
15.829888999,0,1,0
15.829889000,0,1,1
15.830199999,0,1,1
15.830200000,1,1,1
15.832889999,1,1,1
15.832890000,1,0,1
15.832889999,1,0,1
15.832890000,1,0,0
15.850799999,1,0,0
15.850800000,0,0,0
15.852787999,0,0,0
15.852788000,0,1,0
15.852787999,0,1,0
15.852788000,0,1,1
15.853099999,0,1,1
15.853100000,1,1,1
15.855788999,1,1,1
15.855789000,1,0,1
15.855788999,1,0,1
15.855789000,1,0,0
15.873699999,1,0,0
15.873700000,0,0,0
15.875686999,0,0,0
15.875687000,0,1,0
15.875686999,0,1,0
15.875687000,0,1,1
15.875899999,0,1,1
15.875900000,1,1,1
15.878688999,1,1,1
15.878689000,1,0,1
15.878688999,1,0,1
15.878689000,1,0,0
15.896399999,1,0,0
15.896400000,0,0,0
15.898339999,0,0,0
15.898340000,0,1,0
15.898340999,0,1,0
15.898341000,0,1,1
15.898699999,0,1,1
15.898700000,1,1,1
15.901341999,1,1,1
15.901342000,1,0,1
15.901341999,1,0,1
15.901342000,1,0,0
15.919199999,1,0,0
15.919200000,0,0,0
15.921161999,0,0,0
15.921162000,0,1,0
15.921161999,0,1,0
15.921162000,0,1,1
15.921499999,0,1,1
15.921500000,1,1,1
15.924162999,1,1,1
15.924163000,1,0,1
15.924162999,1,0,1
15.924163000,1,0,0
15.941999999,1,0,0
15.942000000,0,0,0
15.943960999,0,0,0
15.943961000,0,1,0
15.943960999,0,1,0
15.943961000,0,1,1
15.944199999,0,1,1
15.944200000,1,1,1
15.946961999,1,1,1
15.946962000,1,0,1
15.946961999,1,0,1
15.946962000,1,0,0
15.964599999,1,0,0
15.964600000,0,0,0
15.966513999,0,0,0
15.966514000,0,1,0
15.966513999,0,1,0
15.966514000,0,1,1
15.966899999,0,1,1
15.966900000,1,1,1
15.969514999,1,1,1
15.969515000,1,0,1
15.969514999,1,0,1
15.969515000,1,0,0
15.987299999,1,0,0
15.987300000,0,0,0
15.989234999,0,0,0
15.989235000,0,1,0
15.989234999,0,1,0
15.989235000,0,1,1
15.989599999,0,1,1
15.989600000,1,1,1
15.992236999,1,1,1
15.992237000,1,0,1
15.992236999,1,0,1
15.992237000,1,0,0
16.009999999,1,0,0
16.010000000,0,0,0
16.011933999,0,0,0
16.011934000,0,1,0
16.011934999,0,1,0
16.011935000,0,1,1
16.012199999,0,1,1
16.012200000,1,1,1
16.014935999,1,1,1
16.014936000,1,0,1
16.014935999,1,0,1
16.014936000,1,0,0
16.032499999,1,0,0
16.032500000,0,0,0
16.034388999,0,0,0
16.034389000,0,1,0
16.034388999,0,1,0
16.034389000,0,1,1
16.034799999,0,1,1
16.034800000,1,1,1
16.037389999,1,1,1
16.037390000,1,0,1
16.037389999,1,0,1
16.037390000,1,0,0
16.055099999,1,0,0
16.055100000,0,0,0
16.057008999,0,0,0
16.057009000,0,1,0
16.057008999,0,1,0
16.057009000,0,1,1
16.057399999,0,1,1
16.057400000,1,1,1
16.060009999,1,1,1
16.060010000,1,0,1
16.060009999,1,0,1
16.060010000,1,0,0
16.077699999,1,0,0
16.077700000,0,0,0
16.079607999,0,0,0
16.079608000,0,1,0
16.079607999,0,1,0
16.079608000,0,1,1
16.079899999,0,1,1
16.079900000,1,1,1
16.082608999,1,1,1
16.082609000,1,0,1
16.082608999,1,0,1
16.082609000,1,0,0
16.100199999,1,0,0
16.100200000,0,0,0
16.102084999,0,0,0
16.102085000,0,1,0
16.102084999,0,1,0
16.102085000,0,1,1
16.102399999,0,1,1
16.102400000,1,1,1
16.105085999,1,1,1
16.105086000,1,0,1
16.105085999,1,0,1
16.105086000,1,0,0
16.122599999,1,0,0
16.122600000,0,0,0
16.124460999,0,0,0
16.124461000,0,1,0
16.124460999,0,1,0
16.124461000,0,1,1
16.124899999,0,1,1
16.124900000,1,1,1
16.127461999,1,1,1
16.127462000,1,0,1
16.127462999,1,0,1
16.127463000,1,0,0
16.145099999,1,0,0
16.145100000,0,0,0
16.146981999,0,0,0
16.146982000,0,1,0
16.146981999,0,1,0
16.146982000,0,1,1
16.147299999,0,1,1
16.147300000,1,1,1
16.149982999,1,1,1
16.149983000,1,0,1
16.149982999,1,0,1
16.149983000,1,0,0
16.167499999,1,0,0
16.167500000,0,0,0
16.169358999,0,0,0
16.169359000,0,1,0
16.169358999,0,1,0
16.169359000,0,1,1
16.169699999,0,1,1
16.169700000,1,1,1
16.172359999,1,1,1
16.172360000,1,0,1
16.172359999,1,0,1
16.172360000,1,0,0
16.189799999,1,0,0
16.189800000,0,0,0
16.191634999,0,0,0
16.191635000,0,1,0
16.191634999,0,1,0
16.191635000,0,1,1
16.192099999,0,1,1
16.192100000,1,1,1
16.194635999,1,1,1
16.194636000,1,0,1
16.194636999,1,0,1
16.194637000,1,0,0
16.212199999,1,0,0
16.212200000,0,0,0
16.214055999,0,0,0
16.214056000,0,1,0
16.214055999,0,1,0
16.214056000,0,1,1
16.214399999,0,1,1
16.214400000,1,1,1
16.217056999,1,1,1
16.217057000,1,0,1
16.217057999,1,0,1
16.217058000,1,0,0
16.234499999,1,0,0
16.234500000,0,0,0
16.236332999,0,0,0
16.236333000,0,1,0
16.236332999,0,1,0
16.236333000,0,1,1
16.236699999,0,1,1
16.236700000,1,1,1
16.239333999,1,1,1
16.239334000,1,0,1
16.239333999,1,0,1
16.239334000,1,0,0
16.256799999,1,0,0
16.256800000,0,0,0
16.258630999,0,0,0
16.258631000,0,1,0
16.258630999,0,1,0
16.258631000,0,1,1
16.258999999,0,1,1
16.259000000,1,1,1
16.261631999,1,1,1
16.261632000,1,0,1
16.261632999,1,0,1
16.261633000,1,0,0
16.278999999,1,0,0
16.279000000,0,0,0
16.280807999,0,0,0
16.280808000,0,1,0
16.280807999,0,1,0
16.280808000,0,1,1
16.281199999,0,1,1
16.281200000,1,1,1
16.283811999,1,1,1
16.283812000,1,0,1
16.283811999,1,0,1
16.283812000,1,0,0
16.301199999,1,0,0
16.301200000,0,0,0
16.303005999,0,0,0
16.303006000,0,1,0
16.303005999,0,1,0
16.303006000,0,1,1
16.303399999,0,1,1
16.303400000,1,1,1
16.306006999,1,1,1
16.306007000,1,0,1
16.306006999,1,0,1
16.306007000,1,0,0
16.323399999,1,0,0
16.323400000,0,0,0
16.325204999,0,0,0
16.325205000,0,1,0
16.325204999,0,1,0
16.325205000,0,1,1
16.325599999,0,1,1
16.325600000,1,1,1
16.328205999,1,1,1
16.328206000,1,0,1
16.328205999,1,0,1
16.328206000,1,0,0
16.345499999,1,0,0
16.345500000,0,0,0
16.347281999,0,0,0
16.347282000,0,1,0
16.347281999,0,1,0
16.347282000,0,1,1
16.347699999,0,1,1
16.347700000,1,1,1
16.350282999,1,1,1
16.350283000,1,0,1
16.350282999,1,0,1
16.350283000,1,0,0
16.367599999,1,0,0
16.367600000,0,0,0
16.369379999,0,0,0
16.369380000,0,1,0
16.369379999,0,1,0
16.369380000,0,1,1
16.369799999,0,1,1
16.369800000,1,1,1
16.372380999,1,1,1
16.372381000,1,0,1
16.372380999,1,0,1
16.372381000,1,0,0
16.389699999,1,0,0
16.389700000,0,0,0
16.391478999,0,0,0
16.391479000,0,1,0
16.391478999,0,1,0
16.391479000,0,1,1
16.391899999,0,1,1
16.391900000,1,1,1
16.394479999,1,1,1
16.394480000,1,0,1
16.394480999,1,0,1
16.394481000,1,0,0
16.411799999,1,0,0
16.411800000,0,0,0
16.413577999,0,0,0
16.413578000,0,1,0
16.413578999,0,1,0
16.413579000,0,1,1
16.413999999,0,1,1
16.414000000,1,1,1
16.416579999,1,1,1
16.416580000,1,0,1
16.416579999,1,0,1
16.416580000,1,0,0
16.433799999,1,0,0
16.433800000,0,0,0
16.435555999,0,0,0
16.435556000,0,1,0
16.435555999,0,1,0
16.435556000,0,1,1
16.435999999,0,1,1
16.436000000,1,1,1
16.438556999,1,1,1
16.438557000,1,0,1
16.438556999,1,0,1
16.438557000,1,0,0
16.455799999,1,0,0
16.455800000,0,0,0
16.457553999,0,0,0
16.457554000,0,1,0
16.457553999,0,1,0
16.457554000,0,1,1
16.457999999,0,1,1
16.458000000,1,1,1
16.460555999,1,1,1
16.460556000,1,0,1
16.460555999,1,0,1
16.460556000,1,0,0
16.477799999,1,0,0
16.477800000,0,0,0
16.479552999,0,0,0
16.479553000,0,1,0
16.479553999,0,1,0
16.479554000,0,1,1
16.479999999,0,1,1
16.480000000,1,1,1
16.482553999,1,1,1
16.482554000,1,0,1
16.482553999,1,0,1
16.482554000,1,0,0
16.499699999,1,0,0
16.499700000,0,0,0
16.501429999,0,0,0
16.501430000,0,1,0
16.501429999,0,1,0
16.501430000,0,1,1
16.501899999,0,1,1
16.501900000,1,1,1
16.504430999,1,1,1
16.504431000,1,0,1
16.504430999,1,0,1
16.504431000,1,0,0
16.521599999,1,0,0
16.521600000,0,0,0
16.523327999,0,0,0
16.523328000,0,1,0
16.523327999,0,1,0
16.523328000,0,1,1
16.523799999,0,1,1
16.523800000,1,1,1
16.526328999,1,1,1
16.526329000,1,0,1
16.526328999,1,0,1
16.526329000,1,0,0
16.543499999,1,0,0
16.543500000,0,0,0
16.545226999,0,0,0
16.545227000,0,1,0
16.545226999,0,1,0
16.545227000,0,1,1
16.545699999,0,1,1
16.545700000,1,1,1
16.548228999,1,1,1
16.548229000,1,0,1
16.548228999,1,0,1
16.548229000,1,0,0
16.565399999,1,0,0
16.565400000,0,0,0
16.567126999,0,0,0
16.567127000,0,1,0
16.567126999,0,1,0
16.567127000,0,1,1
16.567499999,0,1,1
16.567500000,1,1,1
16.570127999,1,1,1
16.570128000,1,0,1
16.570127999,1,0,1
16.570128000,1,0,0
16.587099999,1,0,0
16.587100000,0,0,0
16.588780999,0,0,0
16.588781000,0,1,0
16.588780999,0,1,0
16.588781000,0,1,1
16.589299999,0,1,1
16.589300000,1,1,1
16.591781999,1,1,1
16.591782000,1,0,1
16.591781999,1,0,1
16.591782000,1,0,0
16.608899999,1,0,0
16.608900000,0,0,0
16.610600999,0,0,0
16.610601000,0,1,0
16.610600999,0,1,0
16.610601000,0,1,1
16.611099999,0,1,1
16.611100000,1,1,1
16.613601999,1,1,1
16.613602000,1,0,1
16.613601999,1,0,1
16.613602000,1,0,0
16.630699999,1,0,0
16.630700000,0,0,0
16.632399999,0,0,0
16.632400000,0,1,0
16.632399999,0,1,0
16.632400000,0,1,1
16.632899999,0,1,1
16.632900000,1,1,1
16.635400999,1,1,1
16.635401000,1,0,1
16.635400999,1,0,1
16.635401000,1,0,0
16.652499999,1,0,0
16.652500000,0,0,0
16.654198999,0,0,0
16.654199000,0,1,0
16.654198999,0,1,0
16.654199000,0,1,1
16.654599999,0,1,1
16.654600000,1,1,1
16.657199999,1,1,1
16.657200000,1,0,1
16.657199999,1,0,1
16.657200000,1,0,0
16.674099999,1,0,0
16.674100000,0,0,0
16.675752999,0,0,0
16.675753000,0,1,0
16.675752999,0,1,0
16.675753000,0,1,1
16.676299999,0,1,1
16.676300000,1,1,1
16.678753999,1,1,1
16.678754000,1,0,1
16.678754999,1,0,1
16.678755000,1,0,0
16.695799999,1,0,0
16.695800000,0,0,0
16.697473999,0,0,0
16.697474000,0,1,0
16.697473999,0,1,0
16.697474000,0,1,1
16.697999999,0,1,1
16.698000000,1,1,1
16.700474999,1,1,1
16.700475000,1,0,1
16.700474999,1,0,1
16.700475000,1,0,0
16.717499999,1,0,0
16.717500000,0,0,0
16.719172999,0,0,0
16.719173000,0,1,0
16.719172999,0,1,0
16.719173000,0,1,1
16.719599999,0,1,1
16.719600000,1,1,1
16.722173999,1,1,1
16.722174000,1,0,1
16.722173999,1,0,1
16.722174000,1,0,0
16.739099999,1,0,0
16.739100000,0,0,0
16.740749999,0,0,0
16.740750000,0,1,0
16.740749999,0,1,0
16.740750000,0,1,1
16.741199999,0,1,1
16.741200000,1,1,1
16.743751999,1,1,1
16.743752000,1,0,1
16.743751999,1,0,1
16.743752000,1,0,0
16.760599999,1,0,0
16.760600000,0,0,0
16.762226999,0,0,0
16.762227000,0,1,0
16.762226999,0,1,0
16.762227000,0,1,1
16.762799999,0,1,1
16.762800000,1,1,1
16.765227999,1,1,1
16.765228000,1,0,1
16.765227999,1,0,1
16.765228000,1,0,0
16.782199999,1,0,0
16.782200000,0,0,0
16.783847999,0,0,0
16.783848000,0,1,0
16.783847999,0,1,0
16.783848000,0,1,1
16.784399999,0,1,1
16.784400000,1,1,1
16.786848999,1,1,1
16.786849000,1,0,1
16.786848999,1,0,1
16.786849000,1,0,0
16.803799999,1,0,0
16.803800000,0,0,0
16.805446999,0,0,0
16.805447000,0,1,0
16.805446999,0,1,0
16.805447000,0,1,1
16.805899999,0,1,1
16.805900000,1,1,1
16.808447999,1,1,1
16.808448000,1,0,1
16.808447999,1,0,1
16.808448000,1,0,0
16.825299999,1,0,0
16.825300000,0,0,0
16.826923999,0,0,0
16.826924000,0,1,0
16.826923999,0,1,0
16.826924000,0,1,1
16.827399999,0,1,1
16.827400000,1,1,1
16.829924999,1,1,1
16.829925000,1,0,1
16.829924999,1,0,1
16.829925000,1,0,0
16.846699999,1,0,0
16.846700000,0,0,0
16.848299999,0,0,0
16.848300000,0,1,0
16.848299999,0,1,0
16.848300000,0,1,1
16.848899999,0,1,1
16.848900000,1,1,1
16.851300999,1,1,1
16.851301000,1,0,1
16.851301999,1,0,1
16.851302000,1,0,0
16.868199999,1,0,0
16.868200000,0,0,0
16.869820999,0,0,0
16.869821000,0,1,0
16.869820999,0,1,0
16.869821000,0,1,1
16.870299999,0,1,1
16.870300000,1,1,1
16.872821999,1,1,1
16.872822000,1,0,1
16.872821999,1,0,1
16.872822000,1,0,0
16.889599999,1,0,0
16.889600000,0,0,0
16.891197999,0,0,0
16.891198000,0,1,0
16.891197999,0,1,0
16.891198000,0,1,1
16.891699999,0,1,1
16.891700000,1,1,1
16.894198999,1,1,1
16.894199000,1,0,1
16.894198999,1,0,1
16.894199000,1,0,0
16.910999999,1,0,0
16.911000000,0,0,0
16.912595999,0,0,0
16.912596000,0,1,0
16.912596999,0,1,0
16.912597000,0,1,1
16.913099999,0,1,1
16.913100000,1,1,1
16.915597999,1,1,1
16.915598000,1,0,1
16.915597999,1,0,1
16.915598000,1,0,0
16.932299999,1,0,0
16.932300000,0,0,0
16.933872999,0,0,0
16.933873000,0,1,0
16.933872999,0,1,0
16.933873000,0,1,1
16.934499999,0,1,1
16.934500000,1,1,1
16.936873999,1,1,1
16.936874000,1,0,1
16.936873999,1,0,1
16.936874000,1,0,0
16.953699999,1,0,0
16.953700000,0,0,0
16.955294999,0,0,0
16.955295000,0,1,0
16.955294999,0,1,0
16.955295000,0,1,1
16.955799999,0,1,1
16.955800000,1,1,1
16.958295999,1,1,1
16.958296000,1,0,1
16.958295999,1,0,1
16.958296000,1,0,0
16.974999999,1,0,0
16.975000000,0,0,0
16.976570999,0,0,0
16.976571000,0,1,0
16.976571999,0,1,0
16.976572000,0,1,1
16.977099999,0,1,1
16.977100000,1,1,1
16.979572999,1,1,1
16.979573000,1,0,1
16.979572999,1,0,1
16.979573000,1,0,0
16.996299999,1,0,0
16.996300000,0,0,0
16.997869999,0,0,0
16.997870000,0,1,0
16.997869999,0,1,0
16.997870000,0,1,1
16.998399999,0,1,1
16.998400000,1,1,1
17.000870999,1,1,1
17.000871000,1,0,1
17.000870999,1,0,1
17.000871000,1,0,0
17.017499999,1,0,0
17.017500000,0,0,0
17.019046999,0,0,0
17.019047000,0,1,0
17.019046999,0,1,0
17.019047000,0,1,1
17.019599999,0,1,1
17.019600000,1,1,1
17.022047999,1,1,1
17.022048000,1,0,1
17.022047999,1,0,1
17.022048000,1,0,0
17.038699999,1,0,0
17.038700000,0,0,0
17.040244999,0,0,0
17.040245000,0,1,0
17.040244999,0,1,0
17.040245000,0,1,1
17.040799999,0,1,1
17.040800000,1,1,1
17.043245999,1,1,1
17.043246000,1,0,1
17.043245999,1,0,1
17.043246000,1,0,0
17.059899999,1,0,0
17.059900000,0,0,0
17.061443999,0,0,0
17.061444000,0,1,0
17.061443999,0,1,0
17.061444000,0,1,1
17.061999999,0,1,1
17.062000000,1,1,1
17.064444999,1,1,1
17.064445000,1,0,1
17.064444999,1,0,1
17.064445000,1,0,0
17.081099999,1,0,0
17.081100000,0,0,0
17.082642999,0,0,0
17.082643000,0,1,0
17.082642999,0,1,0
17.082643000,0,1,1
17.083199999,0,1,1
17.083200000,1,1,1
17.085644999,1,1,1
17.085645000,1,0,1
17.085644999,1,0,1
17.085645000,1,0,0
17.102199999,1,0,0
17.102200000,0,0,0
17.103719999,0,0,0
17.103720000,0,1,0
17.103719999,0,1,0
17.103720000,0,1,1
17.104299999,0,1,1
17.104300000,1,1,1
17.106720999,1,1,1
17.106721000,1,0,1
17.106720999,1,0,1
17.106721000,1,0,0
17.123299999,1,0,0
17.123300000,0,0,0
17.124818999,0,0,0
17.124819000,0,1,0
17.124818999,0,1,0
17.124819000,0,1,1
17.125399999,0,1,1
17.125400000,1,1,1
17.127819999,1,1,1
17.127820000,1,0,1
17.127819999,1,0,1
17.127820000,1,0,0
17.144399999,1,0,0
17.144400000,0,0,0
17.145917999,0,0,0
17.145918000,0,1,0
17.145917999,0,1,0
17.145918000,0,1,1
17.146499999,0,1,1
17.146500000,1,1,1
17.148918999,1,1,1
17.148919000,1,0,1
17.148918999,1,0,1
17.148919000,1,0,0
17.165499999,1,0,0
17.165500000,0,0,0
17.167017999,0,0,0
17.167018000,0,1,0
17.167017999,0,1,0
17.167018000,0,1,1
17.167599999,0,1,1
17.167600000,1,1,1
17.170018999,1,1,1
17.170019000,1,0,1
17.170018999,1,0,1
17.170019000,1,0,0
17.186499999,1,0,0
17.186500000,0,0,0
17.187993999,0,0,0
17.187994000,0,1,0
17.187993999,0,1,0
17.187994000,0,1,1
17.188599999,0,1,1
17.188600000,1,1,1
17.190995999,1,1,1
17.190996000,1,0,1
17.190995999,1,0,1
17.190996000,1,0,0
17.207499999,1,0,0
17.207500000,0,0,0
17.208992999,0,0,0
17.208993000,0,1,0
17.208992999,0,1,0
17.208993000,0,1,1
17.209599999,0,1,1
17.209600000,1,1,1
17.211993999,1,1,1
17.211994000,1,0,1
17.211993999,1,0,1
17.211994000,1,0,0
17.228499999,1,0,0
17.228500000,0,0,0
17.229991999,0,0,0
17.229992000,0,1,0
17.229991999,0,1,0
17.229992000,0,1,1
17.230599999,0,1,1
17.230600000,1,1,1
17.232992999,1,1,1
17.232993000,1,0,1
17.232992999,1,0,1
17.232993000,1,0,0
17.249499999,1,0,0
17.249500000,0,0,0
17.250990999,0,0,0
17.250991000,0,1,0
17.250990999,0,1,0
17.250991000,0,1,1
17.251499999,0,1,1
17.251500000,1,1,1
17.253991999,1,1,1
17.253992000,1,0,1
17.253991999,1,0,1
17.253992000,1,0,0
17.270299999,1,0,0
17.270300000,0,0,0
17.271745999,0,0,0
17.271746000,0,1,0
17.271745999,0,1,0
17.271746000,0,1,1
17.272399999,0,1,1
17.272400000,1,1,1
17.274746999,1,1,1
17.274747000,1,0,1
17.274746999,1,0,1
17.274747000,1,0,0
17.291199999,1,0,0
17.291200000,0,0,0
17.292665999,0,0,0
17.292666000,0,1,0
17.292665999,0,1,0
17.292666000,0,1,1
17.293299999,0,1,1
17.293300000,1,1,1
17.295666999,1,1,1
17.295667000,1,0,1
17.295666999,1,0,1
17.295667000,1,0,0
17.312099999,1,0,0
17.312100000,0,0,0
17.313563999,0,0,0
17.313564000,0,1,0
17.313564999,0,1,0
17.313565000,0,1,1
17.314199999,0,1,1
17.314200000,1,1,1
17.316565999,1,1,1
17.316566000,1,0,1
17.316565999,1,0,1
17.316566000,1,0,0
17.332999999,1,0,0
17.333000000,0,0,0
17.334463999,0,0,0
17.334464000,0,1,0
17.334463999,0,1,0
17.334464000,0,1,1
17.334999999,0,1,1
17.335000000,1,1,1
17.337464999,1,1,1
17.337465000,1,0,1
17.337465999,1,0,1
17.337466000,1,0,0
17.353699999,1,0,0
17.353700000,0,0,0
17.355117999,0,0,0
17.355118000,0,1,0
17.355118999,0,1,0
17.355119000,0,1,1
17.355799999,0,1,1
17.355800000,1,1,1
17.358119999,1,1,1
17.358120000,1,0,1
17.358119999,1,0,1
17.358120000,1,0,0
17.374499999,1,0,0
17.374500000,0,0,0
17.375938999,0,0,0
17.375939000,0,1,0
17.375938999,0,1,0
17.375939000,0,1,1
17.376599999,0,1,1
17.376600000,1,1,1
17.378940999,1,1,1
17.378941000,1,0,1
17.378940999,1,0,1
17.378941000,1,0,0
17.395299999,1,0,0
17.395300000,0,0,0
17.396738999,0,0,0
17.396739000,0,1,0
17.396738999,0,1,0
17.396739000,0,1,1
17.397399999,0,1,1
17.397400000,1,1,1
17.399739999,1,1,1
17.399740000,1,0,1
17.399739999,1,0,1
17.399740000,1,0,0
17.416099999,1,0,0
17.416100000,0,0,0
17.417537999,0,0,0
17.417538000,0,1,0
17.417537999,0,1,0
17.417538000,0,1,1
17.418099999,0,1,1
17.418100000,1,1,1
17.420538999,1,1,1
17.420539000,1,0,1
17.420538999,1,0,1
17.420539000,1,0,0
17.436799999,1,0,0
17.436800000,0,0,0
17.438215999,0,0,0
17.438216000,0,1,0
17.438215999,0,1,0
17.438216000,0,1,1
17.438799999,0,1,1
17.438800000,1,1,1
17.441216999,1,1,1
17.441217000,1,0,1
17.441216999,1,0,1
17.441217000,1,0,0
17.457399999,1,0,0
17.457400000,0,0,0
17.458791999,0,0,0
17.458792000,0,1,0
17.458791999,0,1,0
17.458792000,0,1,1
17.459499999,0,1,1
17.459500000,1,1,1
17.461792999,1,1,1
17.461793000,1,0,1
17.461792999,1,0,1
17.461793000,1,0,0
17.478099999,1,0,0
17.478100000,0,0,0
17.479511999,0,0,0
17.479512000,0,1,0
17.479511999,0,1,0
17.479512000,0,1,1
17.480199999,0,1,1
17.480200000,1,1,1
17.482512999,1,1,1
17.482513000,1,0,1
17.482512999,1,0,1
17.482513000,1,0,0
17.498799999,1,0,0
17.498800000,0,0,0
17.500210999,0,0,0
17.500211000,0,1,0
17.500210999,0,1,0
17.500211000,0,1,1
17.500799999,0,1,1
17.500800000,1,1,1
17.503211999,1,1,1
17.503212000,1,0,1
17.503212999,1,0,1
17.503213000,1,0,0
17.519399999,1,0,0
17.519400000,0,0,0
17.520788999,0,0,0
17.520789000,0,1,0
17.520788999,0,1,0
17.520789000,0,1,1
17.521399999,0,1,1
17.521400000,1,1,1
17.523789999,1,1,1
17.523790000,1,0,1
17.523789999,1,0,1
17.523790000,1,0,0
17.539899999,1,0,0
17.539900000,0,0,0
17.541264999,0,0,0
17.541265000,0,1,0
17.541264999,0,1,0
17.541265000,0,1,1
17.541999999,0,1,1
17.542000000,1,1,1
17.544265999,1,1,1
17.544266000,1,0,1
17.544265999,1,0,1
17.544266000,1,0,0
17.560499999,1,0,0
17.560500000,0,0,0
17.561884999,0,0,0
17.561885000,0,1,0
17.561885999,0,1,0
17.561886000,0,1,1
17.562599999,0,1,1
17.562600000,1,1,1
17.564886999,1,1,1
17.564887000,1,0,1
17.564886999,1,0,1
17.564887000,1,0,0
17.581099999,1,0,0
17.581100000,0,0,0
17.582484999,0,0,0
17.582485000,0,1,0
17.582484999,0,1,0
17.582485000,0,1,1
17.583099999,0,1,1
17.583100000,1,1,1
17.585485999,1,1,1
17.585486000,1,0,1
17.585485999,1,0,1
17.585486000,1,0,0
17.601599999,1,0,0
17.601600000,0,0,0
17.602962999,0,0,0
17.602963000,0,1,0
17.602962999,0,1,0
17.602963000,0,1,1
17.603599999,0,1,1
17.603600000,1,1,1
17.605963999,1,1,1
17.605964000,1,0,1
17.605963999,1,0,1
17.605964000,1,0,0
17.622099999,1,0,0
17.622100000,0,0,0
17.623460999,0,0,0
17.623461000,0,1,0
17.623460999,0,1,0
17.623461000,0,1,1
17.624099999,0,1,1
17.624100000,1,1,1
17.626461999,1,1,1
17.626462000,1,0,1
17.626461999,1,0,1
17.626462000,1,0,0
17.642499999,1,0,0
17.642500000,0,0,0
17.643837999,0,0,0
17.643838000,0,1,0
17.643837999,0,1,0
17.643838000,0,1,1
17.644599999,0,1,1
17.644600000,1,1,1
17.646838999,1,1,1
17.646839000,1,0,1
17.646838999,1,0,1
17.646839000,1,0,0
17.662999999,1,0,0
17.663000000,0,0,0
17.664358999,0,0,0
17.664359000,0,1,0
17.664358999,0,1,0
17.664359000,0,1,1
17.664999999,0,1,1
17.665000000,1,1,1
17.667359999,1,1,1
17.667360000,1,0,1
17.667359999,1,0,1
17.667360000,1,0,0
17.683399999,1,0,0
17.683400000,0,0,0
17.684736999,0,0,0
17.684737000,0,1,0
17.684736999,0,1,0
17.684737000,0,1,1
17.685399999,0,1,1
17.685400000,1,1,1
17.687737999,1,1,1
17.687738000,1,0,1
17.687737999,1,0,1
17.687738000,1,0,0
17.703799999,1,0,0
17.703800000,0,0,0
17.705134999,0,0,0
17.705135000,0,1,0
17.705134999,0,1,0
17.705135000,0,1,1
17.705799999,0,1,1
17.705800000,1,1,1
17.708135999,1,1,1
17.708136000,1,0,1
17.708135999,1,0,1
17.708136000,1,0,0
17.724099999,1,0,0
17.724100000,0,0,0
17.725410999,0,0,0
17.725411000,0,1,0
17.725411999,0,1,0
17.725412000,0,1,1
17.726199999,0,1,1
17.726200000,1,1,1
17.728412999,1,1,1
17.728413000,1,0,1
17.728412999,1,0,1
17.728413000,1,0,0
17.744499999,1,0,0
17.744500000,0,0,0
17.745832999,0,0,0
17.745833000,0,1,0
17.745832999,0,1,0
17.745833000,0,1,1
17.746499999,0,1,1
17.746500000,1,1,1
17.748833999,1,1,1
17.748834000,1,0,1
17.748833999,1,0,1
17.748834000,1,0,0
17.764799999,1,0,0
17.764800000,0,0,0
17.766110999,0,0,0
17.766111000,0,1,0
17.766110999,0,1,0
17.766111000,0,1,1
17.766799999,0,1,1
17.766800000,1,1,1
17.769111999,1,1,1
17.769112000,1,0,1
17.769111999,1,0,1
17.769112000,1,0,0
17.785099999,1,0,0
17.785100000,0,0,0
17.786408999,0,0,0
17.786409000,0,1,0
17.786408999,0,1,0
17.786409000,0,1,1
17.787099999,0,1,1
17.787100000,1,1,1
17.789410999,1,1,1
17.789411000,1,0,1
17.789410999,1,0,1
17.789411000,1,0,0
17.805399999,1,0,0
17.805400000,0,0,0
17.806707999,0,0,0
17.806708000,0,1,0
17.806708999,0,1,0
17.806709000,0,1,1
17.807399999,0,1,1
17.807400000,1,1,1
17.809709999,1,1,1
17.809710000,1,0,1
17.809709999,1,0,1
17.809710000,1,0,0
17.825599999,1,0,0
17.825600000,0,0,0
17.826884999,0,0,0
17.826885000,0,1,0
17.826884999,0,1,0
17.826885000,0,1,1
17.827699999,0,1,1
17.827700000,1,1,1
17.829885999,1,1,1
17.829886000,1,0,1
17.829885999,1,0,1
17.829886000,1,0,0
17.845899999,1,0,0
17.845900000,0,0,0
17.847205999,0,0,0
17.847206000,0,1,0
17.847206999,0,1,0
17.847207000,0,1,1
17.847899999,0,1,1
17.847900000,1,1,1
17.850207999,1,1,1
17.850208000,1,0,1
17.850207999,1,0,1
17.850208000,1,0,0
17.866099999,1,0,0
17.866100000,0,0,0
17.867383999,0,0,0
17.867384000,0,1,0
17.867383999,0,1,0
17.867384000,0,1,1
17.868099999,0,1,1
17.868100000,1,1,1
17.870384999,1,1,1
17.870385000,1,0,1
17.870384999,1,0,1
17.870385000,1,0,0
17.886299999,1,0,0
17.886300000,0,0,0
17.887582999,0,0,0
17.887583000,0,1,0
17.887582999,0,1,0
17.887583000,0,1,1
17.888299999,0,1,1
17.888300000,1,1,1
17.890583999,1,1,1
17.890584000,1,0,1
17.890583999,1,0,1
17.890584000,1,0,0
17.906399999,1,0,0
17.906400000,0,0,0
17.907658999,0,0,0
17.907659000,0,1,0
17.907658999,0,1,0
17.907659000,0,1,1
17.908499999,0,1,1
17.908500000,1,1,1
17.910659999,1,1,1
17.910660000,1,0,1
17.910659999,1,0,1
17.910660000,1,0,0
17.926599999,1,0,0
17.926600000,0,0,0
17.927880999,0,0,0
17.927881000,0,1,0
17.927880999,0,1,0
17.927881000,0,1,1
17.928599999,0,1,1
17.928600000,1,1,1
17.930881999,1,1,1
17.930882000,1,0,1
17.930881999,1,0,1
17.930882000,1,0,0
17.946699999,1,0,0
17.946700000,0,0,0
17.947957999,0,0,0
17.947958000,0,1,0
17.947957999,0,1,0
17.947958000,0,1,1
17.948699999,0,1,1
17.948700000,1,1,1
17.950958999,1,1,1
17.950959000,1,0,1
17.950958999,1,0,1
17.950959000,1,0,0
17.966799999,1,0,0
17.966800000,0,0,0
17.968055999,0,0,0
17.968056000,0,1,0
17.968056999,0,1,0
17.968057000,0,1,1
17.968799999,0,1,1
17.968800000,1,1,1
17.971057999,1,1,1
17.971058000,1,0,1
17.971057999,1,0,1
17.971058000,1,0,0
17.986899999,1,0,0
17.986900000,0,0,0
17.988155999,0,0,0
17.988156000,0,1,0
17.988156999,0,1,0
17.988157000,0,1,1
17.988899999,0,1,1
17.988900000,1,1,1
17.991157999,1,1,1
17.991158000,1,0,1
17.991157999,1,0,1
17.991158000,1,0,0
18.006899999,1,0,0
18.006900000,0,0,0
18.008131999,0,0,0
18.008132000,0,1,0
18.008132999,0,1,0
18.008133000,0,1,1
18.008899999,0,1,1
18.008900000,1,1,1
18.011133999,1,1,1
18.011134000,1,0,1
18.011133999,1,0,1
18.011134000,1,0,0
18.026899999,1,0,0
18.026900000,0,0,0
18.028131999,0,0,0
18.028132000,0,1,0
18.028131999,0,1,0
18.028132000,0,1,1
18.028899999,0,1,1
18.028900000,1,1,1
18.031132999,1,1,1
18.031133000,1,0,1
18.031132999,1,0,1
18.031133000,1,0,0
18.046899999,1,0,0
18.046900000,0,0,0
18.048129999,0,0,0
18.048130000,0,1,0
18.048129999,0,1,0
18.048130000,0,1,1
18.048899999,0,1,1
18.048900000,1,1,1
18.051131999,1,1,1
18.051132000,1,0,1
18.051131999,1,0,1
18.051132000,1,0,0
18.066899999,1,0,0
18.066900000,0,0,0
18.068129999,0,0,0
18.068130000,0,1,0
18.068129999,0,1,0
18.068130000,0,1,1
18.068899999,0,1,1
18.068900000,1,1,1
18.071130999,1,1,1
18.071131000,1,0,1
18.071130999,1,0,1
18.071131000,1,0,0
18.086899999,1,0,0
18.086900000,0,0,0
18.088127999,0,0,0
18.088128000,0,1,0
18.088128999,0,1,0
18.088129000,0,1,1
18.088899999,0,1,1
18.088900000,1,1,1
18.091129999,1,1,1
18.091130000,1,0,1
18.091129999,1,0,1
18.091130000,1,0,0
18.106799999,1,0,0
18.106800000,0,0,0
18.108005999,0,0,0
18.108006000,0,1,0
18.108005999,0,1,0
18.108006000,0,1,1
18.108799999,0,1,1
18.108800000,1,1,1
18.111006999,1,1,1
18.111007000,1,0,1
18.111006999,1,0,1
18.111007000,1,0,0
18.126699999,1,0,0
18.126700000,0,0,0
18.127904999,0,0,0
18.127905000,0,1,0
18.127904999,0,1,0
18.127905000,0,1,1
18.128699999,0,1,1
18.128700000,1,1,1
18.130906999,1,1,1
18.130907000,1,0,1
18.130906999,1,0,1
18.130907000,1,0,0
18.146599999,1,0,0
18.146600000,0,0,0
18.147803999,0,0,0
18.147804000,0,1,0
18.147803999,0,1,0
18.147804000,0,1,1
18.148599999,0,1,1
18.148600000,1,1,1
18.150805999,1,1,1
18.150806000,1,0,1
18.150805999,1,0,1
18.150806000,1,0,0
18.166499999,1,0,0
18.166500000,0,0,0
18.167703999,0,0,0
18.167704000,0,1,0
18.167703999,0,1,0
18.167704000,0,1,1
18.168499999,0,1,1
18.168500000,1,1,1
18.170704999,1,1,1
18.170705000,1,0,1
18.170704999,1,0,1
18.170705000,1,0,0
18.186399999,1,0,0
18.186400000,0,0,0
18.187603999,0,0,0
18.187604000,0,1,0
18.187604999,0,1,0
18.187605000,0,1,1
18.188299999,0,1,1
18.188300000,1,1,1
18.190605999,1,1,1
18.190606000,1,0,1
18.190605999,1,0,1
18.190606000,1,0,0
18.206099999,1,0,0
18.206100000,0,0,0
18.207257999,0,0,0
18.207258000,0,1,0
18.207257999,0,1,0
18.207258000,0,1,1
18.208099999,0,1,1
18.208100000,1,1,1
18.210258999,1,1,1
18.210259000,1,0,1
18.210258999,1,0,1
18.210259000,1,0,0
18.225899999,1,0,0
18.225900000,0,0,0
18.227077999,0,0,0
18.227078000,0,1,0
18.227077999,0,1,0
18.227078000,0,1,1
18.227899999,0,1,1
18.227900000,1,1,1
18.230079999,1,1,1
18.230080000,1,0,1
18.230079999,1,0,1
18.230080000,1,0,0
18.245699999,1,0,0
18.245700000,0,0,0
18.246876999,0,0,0
18.246877000,0,1,0
18.246876999,0,1,0
18.246877000,0,1,1
18.247699999,0,1,1
18.247700000,1,1,1
18.249877999,1,1,1
18.249878000,1,0,1
18.249877999,1,0,1
18.249878000,1,0,0
18.265499999,1,0,0
18.265500000,0,0,0
18.266675999,0,0,0
18.266676000,0,1,0
18.266676999,0,1,0
18.266677000,0,1,1
18.267499999,0,1,1
18.267500000,1,1,1
18.269677999,1,1,1
18.269678000,1,0,1
18.269677999,1,0,1
18.269678000,1,0,0
18.285299999,1,0,0
18.285300000,0,0,0
18.286475999,0,0,0
18.286476000,0,1,0
18.286475999,0,1,0
18.286476000,0,1,1
18.287199999,0,1,1
18.287200000,1,1,1
18.289476999,1,1,1
18.289477000,1,0,1
18.289477999,1,0,1
18.289478000,1,0,0
18.304899999,1,0,0
18.304900000,0,0,0
18.306030999,0,0,0
18.306031000,0,1,0
18.306030999,0,1,0
18.306031000,0,1,1
18.306899999,0,1,1
18.306900000,1,1,1
18.309032999,1,1,1
18.309033000,1,0,1
18.309032999,1,0,1
18.309033000,1,0,0
18.324599999,1,0,0
18.324600000,0,0,0
18.325750999,0,0,0
18.325751000,0,1,0
18.325751999,0,1,0
18.325752000,0,1,1
18.326599999,0,1,1
18.326600000,1,1,1
18.328752999,1,1,1
18.328753000,1,0,1
18.328752999,1,0,1
18.328753000,1,0,0
18.344299999,1,0,0
18.344300000,0,0,0
18.345450999,0,0,0
18.345451000,0,1,0
18.345450999,0,1,0
18.345451000,0,1,1
18.346299999,0,1,1
18.346300000,1,1,1
18.348452999,1,1,1
18.348453000,1,0,1
18.348452999,1,0,1
18.348453000,1,0,0
18.363999999,1,0,0
18.364000000,0,0,0
18.365149999,0,0,0
18.365150000,0,1,0
18.365149999,0,1,0
18.365150000,0,1,1
18.365899999,0,1,1
18.365900000,1,1,1
18.368150999,1,1,1
18.368151000,1,0,1
18.368150999,1,0,1
18.368151000,1,0,0
18.383599999,1,0,0
18.383600000,0,0,0
18.384727999,0,0,0
18.384728000,0,1,0
18.384727999,0,1,0
18.384728000,0,1,1
18.385499999,0,1,1
18.385500000,1,1,1
18.387728999,1,1,1
18.387729000,1,0,1
18.387728999,1,0,1
18.387729000,1,0,0
18.403099999,1,0,0
18.403100000,0,0,0
18.404203999,0,0,0
18.404204000,0,1,0
18.404203999,0,1,0
18.404204000,0,1,1
18.405099999,0,1,1
18.405100000,1,1,1
18.407205999,1,1,1
18.407206000,1,0,1
18.407205999,1,0,1
18.407206000,1,0,0
18.422699999,1,0,0
18.422700000,0,0,0
18.423823999,0,0,0
18.423824000,0,1,0
18.423824999,0,1,0
18.423825000,0,1,1
18.424699999,0,1,1
18.424700000,1,1,1
18.426825999,1,1,1
18.426826000,1,0,1
18.426825999,1,0,1
18.426826000,1,0,0
18.442299999,1,0,0
18.442300000,0,0,0
18.443426999,0,0,0
18.443427000,0,1,0
18.443426999,0,1,0
18.443427000,0,1,1
18.444299999,0,1,1
18.444300000,1,1,1
18.446425999,1,1,1
18.446426000,1,0,1
18.446425999,1,0,1
18.446426000,1,0,0
18.461899999,1,0,0
18.461900000,0,0,0
18.463023999,0,0,0
18.463024000,0,1,0
18.463023999,0,1,0
18.463024000,0,1,1
18.463799999,0,1,1
18.463800000,1,1,1
18.466024999,1,1,1
18.466025000,1,0,1
18.466024999,1,0,1
18.466025000,1,0,0
18.481399999,1,0,0
18.481400000,0,0,0
18.482501999,0,0,0
18.482502000,0,1,0
18.482501999,0,1,0
18.482502000,0,1,1
18.483299999,0,1,1
18.483300000,1,1,1
18.485502999,1,1,1
18.485503000,1,0,1
18.485502999,1,0,1
18.485503000,1,0,0
18.500799999,1,0,0
18.500800000,0,0,0
18.501877999,0,0,0
18.501878000,0,1,0
18.501877999,0,1,0
18.501878000,0,1,1
18.502799999,0,1,1
18.502800000,1,1,1
18.504878999,1,1,1
18.504879000,1,0,1
18.504879999,1,0,1
18.504880000,1,0,0
18.520299999,1,0,0
18.520300000,0,0,0
18.521398999,0,0,0
18.521399000,0,1,0
18.521398999,0,1,0
18.521399000,0,1,1
18.522299999,0,1,1
18.522300000,1,1,1
18.524399999,1,1,1
18.524400000,1,0,1
18.524399999,1,0,1
18.524400000,1,0,0
18.539799999,1,0,0
18.539800000,0,0,0
18.540897999,0,0,0
18.540898000,0,1,0
18.540897999,0,1,0
18.540898000,0,1,1
18.541799999,0,1,1
18.541800000,1,1,1
18.543898999,1,1,1
18.543899000,1,0,1
18.543898999,1,0,1
18.543899000,1,0,0
18.559299999,1,0,0
18.559300000,0,0,0
18.560397999,0,0,0
18.560398000,0,1,0
18.560397999,0,1,0
18.560398000,0,1,1
18.561199999,0,1,1
18.561200000,1,1,1
18.563398999,1,1,1
18.563399000,1,0,1
18.563398999,1,0,1
18.563399000,1,0,0
18.578699999,1,0,0
18.578700000,0,0,0
18.579775999,0,0,0
18.579776000,0,1,0
18.579775999,0,1,0
18.579776000,0,1,1
18.580599999,0,1,1
18.580600000,1,1,1
18.582776999,1,1,1
18.582777000,1,0,1
18.582776999,1,0,1
18.582777000,1,0,0
18.598099999,1,0,0
18.598100000,0,0,0
18.599173999,0,0,0
18.599174000,0,1,0
18.599173999,0,1,0
18.599174000,0,1,1
18.599999999,0,1,1
18.600000000,1,1,1
18.602174999,1,1,1
18.602175000,1,0,1
18.602174999,1,0,1
18.602175000,1,0,0
18.617399999,1,0,0
18.617400000,0,0,0
18.618450999,0,0,0
18.618451000,0,1,0
18.618450999,0,1,0
18.618451000,0,1,1
18.619399999,0,1,1
18.619400000,1,1,1
18.621451999,1,1,1
18.621452000,1,0,1
18.621452999,1,0,1
18.621453000,1,0,0
18.636799999,1,0,0
18.636800000,0,0,0
18.637871999,0,0,0
18.637872000,0,1,0
18.637871999,0,1,0
18.637872000,0,1,1
18.638699999,0,1,1
18.638700000,1,1,1
18.640872999,1,1,1
18.640873000,1,0,1
18.640872999,1,0,1
18.640873000,1,0,0
18.656099999,1,0,0
18.656100000,0,0,0
18.657148999,0,0,0
18.657149000,0,1,0
18.657148999,0,1,0
18.657149000,0,1,1
18.657999999,0,1,1
18.658000000,1,1,1
18.660150999,1,1,1
18.660151000,1,0,1
18.660150999,1,0,1
18.660151000,1,0,0
18.675399999,1,0,0
18.675400000,0,0,0
18.676447999,0,0,0
18.676448000,0,1,0
18.676447999,0,1,0
18.676448000,0,1,1
18.677299999,0,1,1
18.677300000,1,1,1
18.679448999,1,1,1
18.679449000,1,0,1
18.679448999,1,0,1
18.679449000,1,0,0
18.694699999,1,0,0
18.694700000,0,0,0
18.695746999,0,0,0
18.695747000,0,1,0
18.695747999,0,1,0
18.695748000,0,1,1
18.696599999,0,1,1
18.696600000,1,1,1
18.698748999,1,1,1
18.698749000,1,0,1
18.698748999,1,0,1
18.698749000,1,0,0
18.713899999,1,0,0
18.713900000,0,0,0
18.714923999,0,0,0
18.714924000,0,1,0
18.714924999,0,1,0
18.714925000,0,1,1
18.715899999,0,1,1
18.715900000,1,1,1
18.717925999,1,1,1
18.717926000,1,0,1
18.717925999,1,0,1
18.717926000,1,0,0
18.733199999,1,0,0
18.733200000,0,0,0
18.734245999,0,0,0
18.734246000,0,1,0
18.734245999,0,1,0
18.734246000,0,1,1
18.735099999,0,1,1
18.735100000,1,1,1
18.737246999,1,1,1
18.737247000,1,0,1
18.737246999,1,0,1
18.737247000,1,0,0
18.752399999,1,0,0
18.752400000,0,0,0
18.753422999,0,0,0
18.753423000,0,1,0
18.753422999,0,1,0
18.753423000,0,1,1
18.754299999,0,1,1
18.754300000,1,1,1
18.756424999,1,1,1
18.756425000,1,0,1
18.756424999,1,0,1
18.756425000,1,0,0
18.771599999,1,0,0
18.771600000,0,0,0
18.772621999,0,0,0
18.772622000,0,1,0
18.772621999,0,1,0
18.772622000,0,1,1
18.773499999,0,1,1
18.773500000,1,1,1
18.775622999,1,1,1
18.775623000,1,0,1
18.775622999,1,0,1
18.775623000,1,0,0
18.790799999,1,0,0
18.790800000,0,0,0
18.791820999,0,0,0
18.791821000,0,1,0
18.791820999,0,1,0
18.791821000,0,1,1
18.792699999,0,1,1
18.792700000,1,1,1
18.794822999,1,1,1
18.794823000,1,0,1
18.794822999,1,0,1
18.794823000,1,0,0
18.809999999,1,0,0
18.810000000,0,0,0
18.811020999,0,0,0
18.811021000,0,1,0
18.811020999,0,1,0
18.811021000,0,1,1
18.811899999,0,1,1
18.811900000,1,1,1
18.814021999,1,1,1
18.814022000,1,0,1
18.814021999,1,0,1
18.814022000,1,0,0
18.829099999,1,0,0
18.829100000,0,0,0
18.830097999,0,0,0
18.830098000,0,1,0
18.830097999,0,1,0
18.830098000,0,1,1
18.830999999,0,1,1
18.831000000,1,1,1
18.833098999,1,1,1
18.833099000,1,0,1
18.833099999,1,0,1
18.833100000,1,0,0
18.848199999,1,0,0
18.848200000,0,0,0
18.849196999,0,0,0
18.849197000,0,1,0
18.849196999,0,1,0
18.849197000,0,1,1
18.850099999,0,1,1
18.850100000,1,1,1
18.852197999,1,1,1
18.852198000,1,0,1
18.852197999,1,0,1
18.852198000,1,0,0
18.867299999,1,0,0
18.867300000,0,0,0
18.868294999,0,0,0
18.868295000,0,1,0
18.868294999,0,1,0
18.868295000,0,1,1
18.869199999,0,1,1
18.869200000,1,1,1
18.871295999,1,1,1
18.871296000,1,0,1
18.871295999,1,0,1
18.871296000,1,0,0
18.886399999,1,0,0
18.886400000,0,0,0
18.887393999,0,0,0
18.887394000,0,1,0
18.887394999,0,1,0
18.887395000,0,1,1
18.888299999,0,1,1
18.888300000,1,1,1
18.890395999,1,1,1
18.890396000,1,0,1
18.890395999,1,0,1
18.890396000,1,0,0
18.905499999,1,0,0
18.905500000,0,0,0
18.906493999,0,0,0
18.906494000,0,1,0
18.906493999,0,1,0
18.906494000,0,1,1
18.907399999,0,1,1
18.907400000,1,1,1
18.909494999,1,1,1
18.909495000,1,0,1
18.909494999,1,0,1
18.909495000,1,0,0
18.924499999,1,0,0
18.924500000,0,0,0
18.925470999,0,0,0
18.925471000,0,1,0
18.925470999,0,1,0
18.925471000,0,1,1
18.926399999,0,1,1
18.926400000,1,1,1
18.928471999,1,1,1
18.928472000,1,0,1
18.928471999,1,0,1
18.928472000,1,0,0
18.943499999,1,0,0
18.943500000,0,0,0
18.944470999,0,0,0
18.944471000,0,1,0
18.944470999,0,1,0
18.944471000,0,1,1
18.945399999,0,1,1
18.945400000,1,1,1
18.947471999,1,1,1
18.947472000,1,0,1
18.947471999,1,0,1
18.947472000,1,0,0
18.962499999,1,0,0
18.962500000,0,0,0
18.963469999,0,0,0
18.963470000,0,1,0
18.963469999,0,1,0
18.963470000,0,1,1
18.964399999,0,1,1
18.964400000,1,1,1
18.966470999,1,1,1
18.966471000,1,0,1
18.966470999,1,0,1
18.966471000,1,0,0
18.981499999,1,0,0
18.981500000,0,0,0
18.982467999,0,0,0
18.982468000,0,1,0
18.982468999,0,1,0
18.982469000,0,1,1
18.983399999,0,1,1
18.983400000,1,1,1
18.985469999,1,1,1
18.985470000,1,0,1
18.985469999,1,0,1
18.985470000,1,0,0
19.000499999,1,0,0
19.000500000,0,0,0
19.001467999,0,0,0
19.001468000,0,1,0
19.001468999,0,1,0
19.001469000,0,1,1
19.002399999,0,1,1
19.002400000,1,1,1
19.004468999,1,1,1
19.004469000,1,0,1
19.004468999,1,0,1
19.004469000,1,0,0
19.019499999,1,0,0
19.019500000,0,0,0
19.020467999,0,0,0
19.020468000,0,1,0
19.020467999,0,1,0
19.020468000,0,1,1
19.021299999,0,1,1
19.021300000,1,1,1
19.023468999,1,1,1
19.023469000,1,0,1
19.023468999,1,0,1
19.023469000,1,0,0
19.038299999,1,0,0
19.038300000,0,0,0
19.039222999,0,0,0
19.039223000,0,1,0
19.039222999,0,1,0
19.039223000,0,1,1
19.040199999,0,1,1
19.040200000,1,1,1
19.042223999,1,1,1
19.042224000,1,0,1
19.042223999,1,0,1
19.042224000,1,0,0
19.057199999,1,0,0
19.057200000,0,0,0
19.058142999,0,0,0
19.058143000,0,1,0
19.058142999,0,1,0
19.058143000,0,1,1
19.059099999,0,1,1
19.059100000,1,1,1
19.061144999,1,1,1
19.061145000,1,0,1
19.061144999,1,0,1
19.061145000,1,0,0
19.076099999,1,0,0
19.076100000,0,0,0
19.077041999,0,0,0
19.077042000,0,1,0
19.077041999,0,1,0
19.077042000,0,1,1
19.077999999,0,1,1
19.078000000,1,1,1
19.080042999,1,1,1
19.080043000,1,0,1
19.080042999,1,0,1
19.080043000,1,0,0
19.094999999,1,0,0
19.095000000,0,0,0
19.095941999,0,0,0
19.095942000,0,1,0
19.095941999,0,1,0
19.095942000,0,1,1
19.096899999,0,1,1
19.096900000,1,1,1
19.098942999,1,1,1
19.098943000,1,0,1
19.098942999,1,0,1
19.098943000,1,0,0
19.113899999,1,0,0
19.113900000,0,0,0
19.114840999,0,0,0
19.114841000,0,1,0
19.114840999,0,1,0
19.114841000,0,1,1
19.115799999,0,1,1
19.115800000,1,1,1
19.117842999,1,1,1
19.117843000,1,0,1
19.117842999,1,0,1
19.117843000,1,0,0
19.132799999,1,0,0
19.132800000,0,0,0
19.133740999,0,0,0
19.133741000,0,1,0
19.133740999,0,1,0
19.133741000,0,1,1
19.134599999,0,1,1
19.134600000,1,1,1
19.136742999,1,1,1
19.136743000,1,0,1
19.136742999,1,0,1
19.136743000,1,0,0
19.151499999,1,0,0
19.151500000,0,0,0
19.152395999,0,0,0
19.152396000,0,1,0
19.152395999,0,1,0
19.152396000,0,1,1
19.153399999,0,1,1
19.153400000,1,1,1
19.155396999,1,1,1
19.155397000,1,0,1
19.155396999,1,0,1
19.155397000,1,0,0
19.170299999,1,0,0
19.170300000,0,0,0
19.171215999,0,0,0
19.171216000,0,1,0
19.171215999,0,1,0
19.171216000,0,1,1
19.172199999,0,1,1
19.172200000,1,1,1
19.174216999,1,1,1
19.174217000,1,0,1
19.174217999,1,0,1
19.174218000,1,0,0
19.189099999,1,0,0
19.189100000,0,0,0
19.190015999,0,0,0
19.190016000,0,1,0
19.190015999,0,1,0
19.190016000,0,1,1
19.190999999,0,1,1
19.191000000,1,1,1
19.193016999,1,1,1
19.193017000,1,0,1
19.193016999,1,0,1
19.193017000,1,0,0
19.207899999,1,0,0
19.207900000,0,0,0
19.208814999,0,0,0
19.208815000,0,1,0
19.208814999,0,1,0
19.208815000,0,1,1
19.209799999,0,1,1
19.209800000,1,1,1
19.211815999,1,1,1
19.211816000,1,0,1
19.211816999,1,0,1
19.211817000,1,0,0
19.226699999,1,0,0
19.226700000,0,0,0
19.227614999,0,0,0
19.227615000,0,1,0
19.227614999,0,1,0
19.227615000,0,1,1
19.228499999,0,1,1
19.228500000,1,1,1
19.230616999,1,1,1
19.230617000,1,0,1
19.230616999,1,0,1
19.230617000,1,0,0
19.245399999,1,0,0
19.245400000,0,0,0
19.246291999,0,0,0
19.246292000,0,1,0
19.246292999,0,1,0
19.246293000,0,1,1
19.247199999,0,1,1
19.247200000,1,1,1
19.249293999,1,1,1
19.249294000,1,0,1
19.249293999,1,0,1
19.249294000,1,0,0
19.263999999,1,0,0
19.264000000,0,0,0
19.264868999,0,0,0
19.264869000,0,1,0
19.264868999,0,1,0
19.264869000,0,1,1
19.265899999,0,1,1
19.265900000,1,1,1
19.267869999,1,1,1
19.267870000,1,0,1
19.267869999,1,0,1
19.267870000,1,0,0
19.282699999,1,0,0
19.282700000,0,0,0
19.283588999,0,0,0
19.283589000,0,1,0
19.283588999,0,1,0
19.283589000,0,1,1
19.284599999,0,1,1
19.284600000,1,1,1
19.286589999,1,1,1
19.286590000,1,0,1
19.286589999,1,0,1
19.286590000,1,0,0
19.301399999,1,0,0
19.301400000,0,0,0
19.302288999,0,0,0
19.302289000,0,1,0
19.302288999,0,1,0
19.302289000,0,1,1
19.303299999,0,1,1
19.303300000,1,1,1
19.305290999,1,1,1
19.305291000,1,0,1
19.305290999,1,0,1
19.305291000,1,0,0
19.320099999,1,0,0
19.320100000,0,0,0
19.320987999,0,0,0
19.320988000,0,1,0
19.320988999,0,1,0
19.320989000,0,1,1
19.321899999,0,1,1
19.321900000,1,1,1
19.323989999,1,1,1
19.323990000,1,0,1
19.323989999,1,0,1
19.323990000,1,0,0
19.338699999,1,0,0
19.338700000,0,0,0
19.339566999,0,0,0
19.339567000,0,1,0
19.339566999,0,1,0
19.339567000,0,1,1
19.340499999,0,1,1
19.340500000,1,1,1
19.342567999,1,1,1
19.342568000,1,0,1
19.342567999,1,0,1
19.342568000,1,0,0
19.357299999,1,0,0
19.357300000,0,0,0
19.358165999,0,0,0
19.358166000,0,1,0
19.358165999,0,1,0
19.358166000,0,1,1
19.359099999,0,1,1
19.359100000,1,1,1
19.361166999,1,1,1
19.361167000,1,0,1
19.361166999,1,0,1
19.361167000,1,0,0
19.375799999,1,0,0
19.375800000,0,0,0
19.376641999,0,0,0
19.376642000,0,1,0
19.376641999,0,1,0
19.376642000,0,1,1
19.377699999,0,1,1
19.377700000,1,1,1
19.379642999,1,1,1
19.379643000,1,0,1
19.379643999,1,0,1
19.379644000,1,0,0
19.394399999,1,0,0
19.394400000,0,0,0
19.395262999,0,0,0
19.395263000,0,1,0
19.395262999,0,1,0
19.395263000,0,1,1
19.396299999,0,1,1
19.396300000,1,1,1
19.398263999,1,1,1
19.398264000,1,0,1
19.398264999,1,0,1
19.398265000,1,0,0
19.412999999,1,0,0
19.413000000,0,0,0
19.413862999,0,0,0
19.413863000,0,1,0
19.413862999,0,1,0
19.413863000,0,1,1
19.414899999,0,1,1
19.414900000,1,1,1
19.416863999,1,1,1
19.416864000,1,0,1
19.416864999,1,0,1
19.416865000,1,0,0
19.431599999,1,0,0
19.431600000,0,0,0
19.432462999,0,0,0
19.432463000,0,1,0
19.432462999,0,1,0
19.432463000,0,1,1
19.433399999,0,1,1
19.433400000,1,1,1
19.435463999,1,1,1
19.435464000,1,0,1
19.435464999,1,0,1
19.435465000,1,0,0
19.450099999,1,0,0
19.450100000,0,0,0
19.450939999,0,0,0
19.450940000,0,1,0
19.450939999,0,1,0
19.450940000,0,1,1
19.451899999,0,1,1
19.451900000,1,1,1
19.453941999,1,1,1
19.453942000,1,0,1
19.453941999,1,0,1
19.453942000,1,0,0
19.468599999,1,0,0
19.468600000,0,0,0
19.469438999,0,0,0
19.469439000,0,1,0
19.469438999,0,1,0
19.469439000,0,1,1
19.470399999,0,1,1
19.470400000,1,1,1
19.472440999,1,1,1
19.472441000,1,0,1
19.472440999,1,0,1
19.472441000,1,0,0
19.486999999,1,0,0
19.487000000,0,0,0
19.487815999,0,0,0
19.487816000,0,1,0
19.487815999,0,1,0
19.487816000,0,1,1
19.488899999,0,1,1
19.488900000,1,1,1
19.490816999,1,1,1
19.490817000,1,0,1
19.490816999,1,0,1
19.490817000,1,0,0
19.505499999,1,0,0
19.505500000,0,0,0
19.506338999,0,0,0
19.506339000,0,1,0
19.506338999,0,1,0
19.506339000,0,1,1
19.507399999,0,1,1
19.507400000,1,1,1
19.509337999,1,1,1
19.509338000,1,0,1
19.509337999,1,0,1
19.509338000,1,0,0
19.523999999,1,0,0
19.524000000,0,0,0
19.524835999,0,0,0
19.524836000,0,1,0
19.524836999,0,1,0
19.524837000,0,1,1
19.525799999,0,1,1
19.525800000,1,1,1
19.527837999,1,1,1
19.527838000,1,0,1
19.527837999,1,0,1
19.527838000,1,0,0
19.542399999,1,0,0
19.542400000,0,0,0
19.543213999,0,0,0
19.543214000,0,1,0
19.543213999,0,1,0
19.543214000,0,1,1
19.544199999,0,1,1
19.544200000,1,1,1
19.546214999,1,1,1
19.546215000,1,0,1
19.546215999,1,0,1
19.546216000,1,0,0
19.560799999,1,0,0
19.560800000,0,0,0
19.561612999,0,0,0
19.561613000,0,1,0
19.561612999,0,1,0
19.561613000,0,1,1
19.562599999,0,1,1
19.562600000,1,1,1
19.564613999,1,1,1
19.564614000,1,0,1
19.564613999,1,0,1
19.564614000,1,0,0
19.579199999,1,0,0
19.579200000,0,0,0
19.580011999,0,0,0
19.580012000,0,1,0
19.580011999,0,1,0
19.580012000,0,1,1
19.580999999,0,1,1
19.581000000,1,1,1
19.583012999,1,1,1
19.583013000,1,0,1
19.583012999,1,0,1
19.583013000,1,0,0
19.597499999,1,0,0
19.597500000,0,0,0
19.598289999,0,0,0
19.598290000,0,1,0
19.598289999,0,1,0
19.598290000,0,1,1
19.599399999,0,1,1
19.599400000,1,1,1
19.601290999,1,1,1
19.601291000,1,0,1
19.601290999,1,0,1
19.601291000,1,0,0
19.615899999,1,0,0
19.615900000,0,0,0
19.616716999,0,0,0
19.616717000,0,1,0
19.616716999,0,1,0
19.616717000,0,1,1
19.617799999,0,1,1
19.617800000,1,1,1
19.619717999,1,1,1
19.619718000,1,0,1
19.619717999,1,0,1
19.619718000,1,0,0
19.634299999,1,0,0
19.634300000,0,0,0
19.635109999,0,0,0
19.635110000,0,1,0
19.635109999,0,1,0
19.635110000,0,1,1
19.636099999,0,1,1
19.636100000,1,1,1
19.638110999,1,1,1
19.638111000,1,0,1
19.638110999,1,0,1
19.638111000,1,0,0
19.652599999,1,0,0
19.652600000,0,0,0
19.653387999,0,0,0
19.653388000,0,1,0
19.653387999,0,1,0
19.653388000,0,1,1
19.654399999,0,1,1
19.654400000,1,1,1
19.656389999,1,1,1
19.656390000,1,0,1
19.656389999,1,0,1
19.656390000,1,0,0
19.670899999,1,0,0
19.670900000,0,0,0
19.671685999,0,0,0
19.671686000,0,1,0
19.671686999,0,1,0
19.671687000,0,1,1
19.672699999,0,1,1
19.672700000,1,1,1
19.674687999,1,1,1
19.674688000,1,0,1
19.674687999,1,0,1
19.674688000,1,0,0
19.689199999,1,0,0
19.689200000,0,0,0
19.689985999,0,0,0
19.689986000,0,1,0
19.689985999,0,1,0
19.689986000,0,1,1
19.690999999,0,1,1
19.691000000,1,1,1
19.692987999,1,1,1
19.692988000,1,0,1
19.692987999,1,0,1
19.692988000,1,0,0
19.707399999,1,0,0
19.707400000,0,0,0
19.708163999,0,0,0
19.708164000,0,1,0
19.708163999,0,1,0
19.708164000,0,1,1
19.709299999,0,1,1
19.709300000,1,1,1
19.711164999,1,1,1
19.711165000,1,0,1
19.711164999,1,0,1
19.711165000,1,0,0
19.725699999,1,0,0
19.725700000,0,0,0
19.726483999,0,0,0
19.726484000,0,1,0
19.726483999,0,1,0
19.726484000,0,1,1
19.727599999,0,1,1
19.727600000,1,1,1
19.729485999,1,1,1
19.729486000,1,0,1
19.729485999,1,0,1
19.729486000,1,0,0
19.743999999,1,0,0
19.744000000,0,0,0
19.744783999,0,0,0
19.744784000,0,1,0
19.744783999,0,1,0
19.744784000,0,1,1
19.745799999,0,1,1
19.745800000,1,1,1
19.747784999,1,1,1
19.747785000,1,0,1
19.747784999,1,0,1
19.747785000,1,0,0
19.762199999,1,0,0
19.762200000,0,0,0
19.762960999,0,0,0
19.762961000,0,1,0
19.762961999,0,1,0
19.762962000,0,1,1
19.763999999,0,1,1
19.764000000,1,1,1
19.765962999,1,1,1
19.765963000,1,0,1
19.765962999,1,0,1
19.765963000,1,0,0
19.780399999,1,0,0
19.780400000,0,0,0
19.781159999,0,0,0
19.781160000,0,1,0
19.781160999,0,1,0
19.781161000,0,1,1
19.782199999,0,1,1
19.782200000,1,1,1
19.784161999,1,1,1
19.784162000,1,0,1
19.784161999,1,0,1
19.784162000,1,0,0
19.798599999,1,0,0
19.798600000,0,0,0
19.799359999,0,0,0
19.799360000,0,1,0
19.799359999,0,1,0
19.799360000,0,1,1
19.800399999,0,1,1
19.800400000,1,1,1
19.802360999,1,1,1
19.802361000,1,0,1
19.802360999,1,0,1
19.802361000,1,0,0
19.816799999,1,0,0
19.816800000,0,0,0
19.817558999,0,0,0
19.817559000,0,1,0
19.817558999,0,1,0
19.817559000,0,1,1
19.818599999,0,1,1
19.818600000,1,1,1
19.820559999,1,1,1
19.820560000,1,0,1
19.820559999,1,0,1
19.820560000,1,0,0
19.834899999,1,0,0
19.834900000,0,0,0
19.835636999,0,0,0
19.835637000,0,1,0
19.835636999,0,1,0
19.835637000,0,1,1
19.836699999,0,1,1
19.836700000,1,1,1
19.838637999,1,1,1
19.838638000,1,0,1
19.838637999,1,0,1
19.838638000,1,0,0
19.852999999,1,0,0
19.853000000,0,0,0
19.853734999,0,0,0
19.853735000,0,1,0
19.853735999,0,1,0
19.853736000,0,1,1
19.854799999,0,1,1
19.854800000,1,1,1
19.856736999,1,1,1
19.856737000,1,0,1
19.856736999,1,0,1
19.856737000,1,0,0
19.871099999,1,0,0
19.871100000,0,0,0
19.871833999,0,0,0
19.871834000,0,1,0
19.871834999,0,1,0
19.871835000,0,1,1
19.872899999,0,1,1
19.872900000,1,1,1
19.874835999,1,1,1
19.874836000,1,0,1
19.874835999,1,0,1
19.874836000,1,0,0
19.889199999,1,0,0
19.889200000,0,0,0
19.889933999,0,0,0
19.889934000,0,1,0
19.889933999,0,1,0
19.889934000,0,1,1
19.890999999,0,1,1
19.891000000,1,1,1
19.892934999,1,1,1
19.892935000,1,0,1
19.892934999,1,0,1
19.892935000,1,0,0
19.907299999,1,0,0
19.907300000,0,0,0
19.908032999,0,0,0
19.908033000,0,1,0
19.908032999,0,1,0
19.908033000,0,1,1
19.909099999,0,1,1
19.909100000,1,1,1
19.911034999,1,1,1
19.911035000,1,0,1
19.911034999,1,0,1
19.911035000,1,0,0
19.925399999,1,0,0
19.925400000,0,0,0
19.926132999,0,0,0
19.926133000,0,1,0
19.926132999,0,1,0
19.926133000,0,1,1
19.927199999,0,1,1
19.927200000,1,1,1
19.929133999,1,1,1
19.929134000,1,0,1
19.929133999,1,0,1
19.929134000,1,0,0
19.943399999,1,0,0
19.943400000,0,0,0
19.944109999,0,0,0
19.944110000,0,1,0
19.944109999,0,1,0
19.944110000,0,1,1
19.945199999,0,1,1
19.945200000,1,1,1
19.947110999,1,1,1
19.947111000,1,0,1
19.947111999,1,0,1
19.947112000,1,0,0
19.961399999,1,0,0
19.961400000,0,0,0
19.962108999,0,0,0
19.962109000,0,1,0
19.962108999,0,1,0
19.962109000,0,1,1
19.963199999,0,1,1
19.963200000,1,1,1
19.965109999,1,1,1
19.965110000,1,0,1
19.965110999,1,0,1
19.965111000,1,0,0
19.979399999,1,0,0
19.979400000,0,0,0
19.980107999,0,0,0
19.980108000,0,1,0
19.980107999,0,1,0
19.980108000,0,1,1
19.981199999,0,1,1
19.981200000,1,1,1
19.983108999,1,1,1
19.983109000,1,0,1
19.983108999,1,0,1
19.983109000,1,0,0
19.997399999,1,0,0
19.997400000,0,0,0
19.998106999,0,0,0
19.998107000,0,1,0
19.998106999,0,1,0
19.998107000,0,1,1
19.999199999,0,1,1
19.999200000,1,1,1
